Substrates,Kinases
ABL1_729_741,CK1A2 BMPR1B SRPK3 COT BMPR1A CK1G1 SRPK1 ACVR2B SRPK2 CK1E ALK1 RIPK3 ALK2 SLK GRK5 PRP4 MOS ULK1 CK1A GRK1 CK1G3 CK1D CK1G2 BMPR2 CLK3 GRK4 YANK3 TTBK2 TTBK1 CDKL1 CLK1 ULK2 YANK2 MEKK3 DAPK1 MLK3 TAO3 MLK4 LRRK2 PIM2 MLK1
ACM1_444_456,SRPK2 MAK SRPK1 SRPK3 CDKL5 ICK MOK CDKL2 TSSK3 ERK2 CDKL1 CDK1 CLK2 CDK2 RSK4 PKCA CDK18 PKCE ERK1 AKT3 CLK1 CDK10 HIPK1 CDK17 PKCB PKCG P38A PKCD CDK16 HIPK2 NDR1 SGK1 CDK4 ERK7 AKT1 AKT2 SGK3 MNK2 CDK6 PKCH CLK3 PRP4 DYRK3 PKCT CLK4 RSK1 TSSK4 DYRK1A HIPK3 MNK1 RSK3 PKN2 CDK14 PKCZ CDK12 PIM3 RSK2 NDR2 PIM1 DCAMKL1
ACM4_456_468,PKCE PKCH MST3 PKCI NEK11 PKCT SSTK PKN1 PKCA PKN2 SGK3 PKCZ DRAK1 NEK8 LOK NEK1 KHS2 HPK1 QIK PKCG YSK1 PKCD SLK NEK4 NEK2 PDK1 TAO1 KHS1 WNK1 PKCB MELK ERK7 MST4 NEK5 NEK3 MINK WNK3 WNK2 IRAK4 ASK3 CDK2
ADDB_696_708,CDK3 HIPK4 PKD1 CDK4 CDK17 LATS1 CDK1 CDK18 PKN2 CDK2 CDK14 NDR2 P38G CDK5 CDK16 CDK10 CDK15 MAK PHKG2 CDK12 PKCZ CDK13 CDK7 IRE2 CDK6 CDK9 CDK8 ERK1 PKN1 SRPK1 HIPK2 LATS2 HIPK1 PKD2 CLK1 PIM1 PKCA MLK3 CLK3 ICK CDK19 NLK ERK2 P38B P38A CAMK1G
ADDB_706_718,NEK2 CDK14 AKT3 CDK4 CDK6 CDK16 HIPK1 CDK5 MOK DYRK1B ERK2 P38A CDK17 PKN2 PKN3 JNK2 CDK18 DCAMKL2 HIPK3 NEK7 RSK3 CAMK1G RSK1 CLK1 CDK7 PKCH PINK1 CDK10 PIM2 PKCG DCAMKL1 PKCZ YANK3 NUAK2 PKCA CAMK4 PKCD RSK4 SGK1 RSK2 NLK TRPM7 PKG2 PKCT PKCI CLK3 DYRK3 QIK PIM1 PKACG CDK15 CLK4 CDK9 PKD3 NEK6 SRPK1 CDKL1 CDKL2
ADRB2_338_350,PKN1 PKCE CLK1 PKCI PAK6 CLK4 PKG2 PKCT AURB AKT2 PKN2 AKT1 AURC MYLK4 SGK3 PKCH CLK3 PKD3 MNK2 MNK1 RSK1 CDKL2 WNK1 PKG1 PAK3 AKT3 PAK5 PKCG CHK2 MRCKA ULK3 WNK3 PHKG2 AURA PAK4 PKACG skMLCK RSK3 PKCZ RSK4 caMLCK CAMK4 PAK2 DAPK1 PKCD CAMK1B MRCKB DAPK2 MSK1 MST4 CAMK1G SGK1
AMOT_744_756,MRCKB KHS2 DLK CDKL2 CDKL1 TRPM6 AKT1 PDK1 AKT2 RAF1 ROCK1 TAK1 SLK IKKA ROCK2 KHS1 HPK1 MEKK2 GCK PKCD MEKK3 CITRON PKN3 TNIK CHK2 LOK S6K2 TAO3 MST3 SGK1 MINK YANK3 MEK1 BRAF SGK3 PAK1 RSK4 YANK2 OSR1 DCAMKL2 MAK NEK11
ANDR_785_797,PIM2 ATM MYLK4 MSK1 skMLCK PIM1 PIM3 MAPKAPK5 DNAPK RSK1 SMG1 CAMK1D RSK4 DAPK1 RSK2 RSK3 DAPK3 SBK MAPKAPK2 S6K1 SGK1 CAMK2B MSK2 CITRON CAMK1A S6K2 caMLCK ATR CAMK2D MAPKAPK3 RIPK1 smMLCK PKD3 PKD2 SRPK2 RIPK3 CHK2 AKT2 CAMK2A PAK2
ANXA1_209_221,TSSK3 SGK1 SIK QSK DAPK1 ROCK2 DMPK1 PKACA DAPK3 MARK2 TSSK4 ROCK1 PASK MRCKB PRKX SGK3 MARK1 PBK CAMK1B AKT1 AKT3 PKACB DCAMKL1 AKT2
ARHG2_166_178,IKKE SBK RAF1 CAMK1A ACVR2A TBK1 PKD3 BIKE PDHK1 PKD2 BCKDK CAMK1D AAK1 YSK4 SMG1 CHK2 MEK1 CAMK2G RSK2 MST2 RSK1 PDHK4 DSTYK MAPKAPK2 MYLK4 DNAPK PKD1 CHK1 ANKRD3 ATM MAPKAPK5 TSSK2 ALPHAK3 PLK1 PLK3 MAPKAPK3 TLK1 MELK AMPKA2 MST4 MSK1 FAM20C CDKL2 GAK CAMK1B DAPK1 VRK2 CAMK1G CAMK4
ART_025_CXGLRRWSLGGLRRWSL,PKG1 PKACA AURA PAK5 PAK4 AURB AKT2 AKT3 AKT1 MSK1 SGK1 PAK6 AURC PKG2 PKACB MRCKB CLK1 MSK2 CLK4 RSK3 PKACG SGK3 PAK2 MYLK4 S6K1 PRKX PAK3 PAK1 MRCKA RSK2 RSK1 HIPK4 S6K2 skMLCK ROCK1 caMLCK RSK4 DAPK2 DAPK1 CHK2 DYRK3 PKN1 PHKG2 WNK3 CAMK1B MNK2 PKD3 DYRK1A CLK3 HIPK1
BAD_112_124,DSTYK AURA MSK1 DAPK1 GRK5 MYLK4 GRK4 PKACA PINK1 caMLCK CK1G2 DAPK3 MSK2 skMLCK DAPK2 IKKB CAMK1B NEK6 PKACB GRK1 PRKX PLK2 smMLCK GRK7 AURB NEK7 CLK4 BRAF SGK1 CDC7 RSK2 CAMK1D FAM20C HUNK AKT2 DYRK3
BAD_69_81,MOS CK1D ALPHAK3 BMPR1B EEF2K PIM3 MOK HIPK3 PIM1 IRAK4 HIPK1 PINK1 ASK1 HIPK4 BMPR1A PAK3 PKACG DYRK3 ALK2 PAK1 MSK1 PKD2 ACVR2B SBK CK2A2 PKACA HUNK RSK1 CK2A1 SGK1 MLK1 MSK2 MST1 PKD3 PAK2 AMPKA1 SGK3 CHK2 CLK3 RSK3 AMPKA2 LATS2 caMLCK RSK2 PKR PAK6 MLK4 MST2 CDKL1 MRCKA MEKK3 MAPKAPK2 PKD1 DAPK2 SIK DCAMKL1 S6K1 MAPKAPK3 SRPK1 AURA CAMK1B NDR2
BAD_93_105,SRPK1 MOK HIPK4 HIPK1 SRPK2 WNK1 HIPK3 PKD1 DYRK3 HIPK2 ICK MAPKAPK3 SRPK3 CDKL2 CDKL5 RSK3 RSK1 PKD3 CLK3 AKT2 DYRK2 RSK2 SGK1 DYRK1B CLK1 PKD2 SGK3 CLK4 PKACB AKT3 CDKL1 CLK2 MAPKAPK5 AURC MAPKAPK2 DCAMKL1 CHK2 PIM2 DYRK4 TRPM6 S6K2 PRKX MAK PKCZ CAMK1A PIM1 CAMK1D CAMK1G AKT1 PAK3 PAK1 MRCKB RSK4 PKACG MELK
BCKD_45_57,ALK1 DNAPK COT PDHK4 DCAMKL2 SGK1 MTOR ALK4 DCAMKL1 CITRON MRCKA DSTYK ROCK2 SBK ROCK1 NEK9 CK1A DYRK3 BMPR1B CHK2 TGFBR1 PASK SGK3 PLK3 TSSK2 DYRK1A skMLCK CAMK2G CDKL1 ATM CLK1 smMLCK PLK1 PINK1 S6K1 NEK7 CK1D PKN3 PKD3 MASTL ATR MRCKB MELK CK1E NIK TSSK1 CAMK1D RSK4 GCN2 BMPR2 GRK3 CDKL2 MLK2 WNK4 DAPK2 CLK4 AMPKA1 DAPK1 DLK PKN2 DMPK1
BUB1_207_219,CDC7 CHK2 TSSK2 ALPHAK3 SGK1 CK1E MRCKB ALK1 CDKL1 TTBK2 GRK6 CLK1 MOS WNK4 SSTK AKT1 TRPM6 smMLCK CK1D CLK4 CLK3 YANK3 GRK5 SMG1 PAK6 DMPK1 BMPR1A CDKL2 GRK7 GRK1 caMLCK ROCK1 PDK1 DLK AKT2
C1R_201_213,ERK1 GRK7 DNAPK CDK19 CDK8 CK2A1 PLK1 CDK18 IKKB ERK2 CDK16 PAK1 IKKA DSTYK PLK3 GRK1 CAMK2D CK1E PAK3 CK2A2 MASTL PIM3 PIM2 TSSK1 MLK4 CAMK2G WNK2 CDKL2 CK1A2 HASPIN DAPK2 ANKRD3 CDKL1 CK1A PRPK ATM ULK2 TBK1 BRAF YANK3 PDHK4 TTBK2
C2TA_282_294,PRP4 PKN3 HIPK2 P38G NEK1 CDKL1 DYRK1B DYRK2 HIPK4 CDK12 HIPK1 CDKL2 CDK7 NEK4 ICK DYRK4 JNK2 MLK2 CDK9 OSR1 DYRK1A DYRK3 MARK3 NDR2 HIPK3 JNK3 NEK6 ALPHAK3 CLK2 JNK1 MST1 WNK2 CDK17 ALK4 CK1E SRPK3 CDK18 CDK13 ANKRD3 CDK4 MEKK2 CDKL5 ERK5 KIS MARK2 CDK6 CAMK2D P38B VRK2 MAK PASK SGK1 ERK1 CDK19 NEK7
CAC1C_1974_1986,MSK1 MSK2 KHS2 CAMK4 HGK CAMK1A AKT2 MYLK4 TNIK CAMK1D KHS1 AKT3 skMLCK PKD3 RSK1 AKT1 CAMK1G MINK DCAMKL2 AURA CDK10 RSK4 PKN3 NEK6 PAK1 CHK2 PKD1 EEF2K TSSK2 PKN2 PKN1 TRPM7 PAK3 PKD2 PKCI PHKG2 AURC PKACA PAK2 HRI YSK1 SBK NEK9 YANK3 PINK1 GCK DSTYK TSSK4 MNK1 CAMK2A PKCE CAMK1B TAO3 AURB DRAK1 PKCT MNK2 CAMK2D PAK6 CLK2
CCR5_330_342,CHK2 CLK1 AKT1 MPSK1 DCAMKL1 BRSK1 MST4 AURC MAPKAPK3 SGK1 CK1A2 CLK4 NEK1 CK1A PAK1 PDHK4 RSK3 RSK1 LKB1 CK1E COT YANK3 PAK3 MNK2 TLK2 RSK4 SBK SRPK3 HIPK3 CK1G1 MAPKAPK2 PAK2 HIPK1 PLK2 DYRK3 PKCT MSK2 STK33 GRK6 MLK3 CK1D CDC7 RSK2 skMLCK TRPM6 caMLCK PKD3 PKCH TSSK2 IRAK4 CK1G3 HIPK2 AKT2 SGK3 MSK1 PKCD SIK PKCA RAF1 IRE1 ATR CDKL1
CD27_212_224,CAMK2B MRCKB PKD2 PIM2 PKN3 PIM1 ALK7 ROCK2 ROCK1 WNK2 MRCKA S6K2 NEK6 PRKX SLK RSK2 CLK3 PKCZ MNK2 RSK4 MST4 PKCI PIM3 PKD3 PKCE LOK PKCB NDR1 DCAMKL1 PKN2 PRPK PKACB WNK1 SGK1 FAM20C S6K1 CK2A2 PAK1 COT CK1D TSSK3 PKCG PKACG CK1G2 SGK3 TSSK4 CITRON SRPK2 AURB CK2A1 MNK1 AURC AKT2
CDC2_154_169,CK1G3 SBK PLK2 DMPK1 TLK1 CDKL1 TTBK1 CAMK1B CK1G2 DAPK2 MEKK3 caMLCK PLK3 MEKK2 TSSK2 TTBK2 MLK4 DAPK3 GRK2 CITRON TLK2 CAMK1D
CDK7_163_175,CDK12 DAPK3 CLK2 DAPK1 CDK4 CDK1 DAPK2 CDK10 CDK13 skMLCK CDK6 DMPK1 CDK9 DCAMKL1 CDK5 CHK2 SRPK3 TSSK1 CDK3 TSSK4 SRPK1 TSSK2 CDK18 PKR SSTK CAMK1D CDK17 CDK16 ASK3 SRPK2 CAMK1A P38G CDK19 PASK MAK CDK15 PDK1 JNK2 JNK3 CDK2 SMG1 caMLCK IRAK4 CDK8 MAPKAPK3 ERK1 VRK1 MAPKAPK5 CDK14 MELK
CDN1A_139_151,ALK1 SGK1 MRCKA CAMK1D CAMK1A S6K1 MSK1 SGK3 DAPK1 DCAMKL1 RSK2 ROCK1 RSK4 TSSK3 PKACA RSK1 PIM2 S6K2 PKACB CAMK1G skMLCK CK2A1 PIM1 CITRON MRCKB ROCK2 MSK2 SBK MYLK4 AKT3 DAPK3 RSK3 AKT1 AKT2 AMPKA2 PKD3 PRKX CLK2 MELK NDR1 PASK CHK2 smMLCK PAK2 PKACG DMPK1 PAK1 AMPKA1 TSSK4 MAPKAPK2 CAMK4 MAPKAPK3 SSTK PKG2 CAMK1B BRSK1 CAMK2A CLK4 PAK3
CENPA_1_14,PRKX CLK2 PKACB HIPK2 AURC HIPK1 CLK4 DYRK3 SRPK1 PKACA SRPK2 HIPK4 PAK1 CLK1 CLK3 PKCE PKCA PKCB SGK1 ROCK1 PKCZ HIPK3 AURB ROCK2 PKG2 AKT3 PKCG AKT2 MRCKB RSK2 PKACG PKCT MNK2 MNK1 RSK4 SGK3 PKCD BUB1 DYRK2 MSK2 AKT1 DYRK1B PKCI skMLCK MAK PAK3 PKCH PAK6 MOK
CFTR_730_742,AURA MSK1 PKACA PKD2 PAK5 CDKL5 CLK4 PKD3 PAK4 PAK6 CK2A1 MAPKAPK5 FAM20C CHK2 CK2A2 PKD1 MAPKAPK2 AURB MSK2 CLK1 MYLK4 SBK MAPKAPK3 RSK2 AKT1 PKACB RSK1 TRPM7 CAMK1A CK1E SGK1 MRCKA PAK2 ERK7 PKG1 PKG2 S6K1 CAMK4 MRCKB CAMK1D MLK3 caMLCK AURC MLK1 AKT2
CFTR_761_773,QSK SSTK PKG1 AKT3 AKT1 SIK PKACA MARK3 skMLCK SGK1 MARK1 PKG2 DYRK3 MARK2 SGK3 MSK1 CLK4 PKACB CLK1 AMPKA2 AURB AKT2 MYLK4 PAK2 CAMK1A BRSK1 TSSK1 MARK4 MRCKA PRKX PKACG AMPKA1 BRSK2 QIK CAMK1D MSK2 ROCK1 PAK1 TSSK3 RSK4 AURC DAPK1 MRCKB TSSK4 MELK PAK5 PAK3
CGHB_109_121,SBK DAPK1 SGK1 MSK1 MSK2 PASK CHK2 DYRK1B CAMK1D AKT2 MRCKA DAPK3 CAMK2A HUNK CAMK1B CLK4 TSSK3 MRCKB DAPK2 PAK5 MOS AKT3 PKACA caMLCK RSK2 AURA CHK1 SGK3 CDKL5 PAK6 CDKL2 NEK2 CAMK1A CAMK2B PKACB GRK6 RSK4 DYRK3 MYLK4 CK1G3 AKT1 PKD3 S6K2 PIM1 ROCK2 skMLCK smMLCK PAK3 CDKL1 MAK RSK1
CO4A3_1429_1441,P38G ASK3 SRPK1 PIM1 CDK7 CDKL5 CDK12 TAO1 PIM3 EEF2K CDK17 ASK1 MLK2 SBK CDK13 KIS PKD2 CDK8 GCK JNK1 MST3 CDK19 YSK4 S6K2 P38A MEKK2 CLK2 PIM2 DYRK1B ASK2 SGK1 HIPK2 CDK18 ERK7 TAO2 PRKX CDK1 KHS1 MAPKAPK2 HIPK4 CDK5 MST1 DCAMKL1 JNK2 ERK1 MLK3 PKACB HIPK1 JNK3 NEK11 PKD1 DYRK4 YSK1 LATS1 P38B MEK5 CDK9 VRK1
COF1_17_29,DYRK4 DYRK1B MNK2 PKACA PKACB PRKX PIM1 MOK PKACG DYRK3 MSK1 RSK2 CLK2 CAMK2A PKG2 PKD2 AURC S6K2 PAK1 MYLK4 CAMK2B BUB1 SGK3 MRCKA CLK4 SBK PIM3 AURB PASK RSK4 CAMK1B CAMK1D CAMK4 PKD3 SGK1
CREB1_126_138,PKN1 CAMK1A PINK1 PKCE CHK2 CK1G3 MNK1 PERK PKCI RSK3 PKD3 AKT3 NUAK2 PHKG2 SMG1 NUAK1 RSK2 MNK2 CAMK1G PKN2 AKT2 PKCT AKT1 CLK1 CLK4 NEK9 SGK1 PKCD CAMK1D RSK1 MYLK4 PKN3 RSK4 MLK2 PKG2 MSK2 PIM2 CK1G2 TSSK4 BUB1 PKCB PHKG1 CLK3 TSSK1 PKCA CAMK4 SGK3 PKCG SIK PKACA CDKL2 PKCH
CSF1R_701_713,AURA smMLCK MYLK4 CAMK1A AKT1 MSK1 CHK2 AKT3 AKT2 MSK2 PKACA CAMK1D SBK DAPK1 SGK1 CAMK4 skMLCK DYRK3 PKN1 S6K2 S6K1 CLK4 CAMK1G caMLCK PKG2 DAPK3 RSK3 PRKX SGK3 PKACB CAMK1B CLK1 DYRK4 AURB DAPK2 PKG1 CAMK2A RSK4 RSK2 PAK4 PIM2 RSK1 CLK2 MAPKAPK5 MRCKA HIPK3 DYRK1A
DESP_2842_2854,CDK6 MSK1 CDK4 PLK1 CDK5 CAMK2B ACVR2A HIPK1 AAK1 MOK BIKE ACVR2B CDK12 PLK2 CDK14 HIPK4 ALK2 ALK4 HIPK2 CDK13 AKT1 IRE1 PIM1 PKCE RSK1 SRPK1 RSK4 CDK15 AKT3 AKT2 DYRK3 CLK2 PKCI CDK10 CDKL1 PIM2 PKCG CDK9 PRKX VRK2 SRPK2 CAMK1G MSK2 CDKL2 PKCA PKCZ PKCT SRPK3 GAK SGK1 S6K2 DYRK2 DNAPK PKCD PKN2 SGK3 PKN1 DSTYK ERK7 DCAMKL1 MST2 MAK CAMK1D RSK2 HIPK3 WNK1 CDK3 SBK
E2AK2_450_462,DYRK4 KHS2 PLK2 SBK HPK1 PLK3 DYRK2 KHS1 DYRK1B MST1 IKKB DYRK1A MST3 GRK3 CDK9 YSK1 CK1A CK1G1 CDKL2 NEK4 GRK2 IKKA DYRK3 GCK SRPK3 MINK TGFBR1 SRPK1 MST2 BMPR2 CDK12 MYO3A CDK13 TAO1 CLK4 MEKK1 HIPK3 ASK3 PINK1 CDKL1 WNK4 HIPK1 MYO3B HIPK2 NEK11 NLK NEK2 SRPK2 HGK BUB1 CDK4 TNIK HIPK4 TAO3
EPB42_241_253,SIK PKACA SGK1 AKT3 AKT1 PKACB CLK4 PRKX QSK CLK1 PKG1 PKACG skMLCK SGK3 RSK3 AKT2 MRCKB PAK5 PAK4 CLK2 MRCKA AURB AMPKA1 MYLK4 DAPK3 DMPK1 DAPK1 PKG2 smMLCK AURA AMPKA2 AURC RSK4 MARK2 DYRK3 MSK2 HIPK1 MARK3 QIK PAK2 RSK1 MSK1 ROCK1
ERBB2_679_691,PKN1 ROCK1 PIM2 SGK1 AKT3 PKCE PKCI MRCKB SGK3 AKT1 DMPK1 PHKG2 LOK AKT2 KHS2 HPK1 PKN2 ROCK2 SLK TAO1 PKCT PKG2 MRCKA CHK2 CLK3 S6K1 KHS1 PKCH SRPK3 smMLCK CITRON NUAK2 PASK CAMK1G YSK1 PKCB MST3 PKCD TAO2 WNK1 CAMK1A skMLCK PKG1 SRPK2 MYLK4 PHKG1 WNK2 PKCG S6K2 QIK
ERF_519_531,PKG2 ERK7 PKG1 CDK6 AURB CDK4 PKACA P38G skMLCK P38D AURC CDK5 AURA ERK1 CDK12 MSK1 PRP4 CLK2 P38A AKT2 P38B SGK1 PKACB CDK13 CLK4 CDK9 AKT3 CDK1 CDK3 MSK2 CDK16 MYLK4 NLK AKT1 PAK4 ERK2 PAK1 JNK2 PAK3 HIPK2 CDK14 RSK3 CDK2 DYRK4 CDK17 DYRK3 CDK18 SGK3 RSK2 JNK3 MNK2 PAK5 CDK19 HIPK3 MAK RSK4 CDK7 CLK1 DYRK1A S6K1 HIPK1 CDK8 PAK2 JNK1
ESR1_160_172,MAPKAPK2 RSK4 PINK1 RSK2 MPSK1 S6K1 TNIK RSK1 S6K2 AKT2 CAMK2G PIM1 RSK3 TLK2 PIM3 MAPKAPK3 NEK6 PKD2 GCK AKT3 NEK5 SGK1 MINK AKT1 PIM2 PASK HGK SBK MSK2 CDKL1 NUAK2 PKD3 IKKA MAPKAPK5 CDKL2 LRRK2 SRPK3 CAMK1D BRSK1 PKD1 SRPK2 KHS2 CITRON CHK2 SIK MSK1 GRK6 IKKB MST1
EZH2_305_317,TSSK3 TAO1 MYO3A SBK SSTK HASPIN KHS2 PLK1 TNIK MST3 HGK S6K2 YSK1 CAMK1D MYO3B KHS1 AMPKA2 TAO3 TSSK2 AMPKA1 DAPK1 PKCT CAMK1B TSSK4 PKCG MYLK4 PKCI PKCB MINK PKCA ZAK PKACA MLK3 DAPK3 S6K1 MST1 GCK TSSK1 ASK3 DAPK2 SLK CAMK4 PKCD MELK MST4 RSK4 NEK8 SIK HRI PIM1 MLK4 skMLCK
F263_454_466,CAMK1A PKD3 SBK PKD2 CAMK1D CHK2 JNK1 PKACA PKG1 JNK3 PKD1 JNK2 CLK4 MSK1 DYRK3 CDK4 CLK1 CDK5 MSK2 MYLK4 ERK2 AKT1 MAPKAPK5 P38A NLK MAPKAPK3 CDK6 AKT2 RSK3 CAMK4 CDK10 AKT3 CDK14 HIPK1 SIK PKACB DYRK2 RSK1 SGK1 PKG2 DYRK4 PAK5 HIPK3 skMLCK MAPKAPK2 AURA RSK2 PRP4
FIBA_569_581,MNK1 DCAMKL1 PKCT MNK2 GRK3 PKCZ TSSK4 RSK3 PKCB GRK2 CDKL2 PKD3 RSK4 CDKL1 WNK3 NUAK1 DCAMKL2 PKCD RSK2 PKCG PKCE RSK1 PKCH IRAK4 SGK3 MELK NDR1 MLK1 MPSK1 WNK1 AKT1 WNK2 PKD2 PHKG1 PAK3 PKCA AKT2 PKACG CDKL5 PKN2 SRPK1 S6K2 CLK3 PKCI IRE1 TRPM6 AKT3 PIM1 NDR2 RIPK1 LATS1 PAK1 CLK1 COT CLK4
FNIP1_934_946,CAMK2A BMPR1B NEK7 LATS1 ERK5 CAMK2B GRK5 DSTYK NDR2 BMPR1A GRK1 LATS2 ACVR2B PDHK1 PIM1 ALK1 NEK9 PIM3 MOS CAMK2D ACVR2A CK1D MSK1 ALK2 RSK4 ALK4 BCKDK MAPKAPK2 GRK4 MSK2 TGFBR2 ANKRD3 PASK CK2A2 NEK2 SRPK2 CK2A1 CDC7 CAMK2G SRPK1
FOXO3_25_37,MAK PINK1 CDKL5 CLK2 CDKL2 HIPK3 HIPK2 HIPK4 CDKL1 HIPK1 DYRK1A PKCZ MOK DCAMKL1 NEK6 WNK2 caMLCK SRPK1 S6K2 PAK2 PIM2 AKT2 RSK1 DYRK3 SRPK2 DYRK2 TSSK3 PAK3 MRCKB WNK1 PIM1 PKCG ICK RSK4 SGK3 AKT3 AMPKA2 NEK2 CDK7 WNK4 IRE1 PKACB MSK2 PIM3 HRI PKCB PASK CLK3 NDR1 RIPK3 CHK2 PAK1 MELK SRPK3 RSK3 PKD3 AMPKA1 CAMK1D AKT1 DYRK1B skMLCK
FRAP_2443_2455,CK1D ERK5 MOK BMPR1B MAPKAPK2 SBK CK1G1 RSK2 PRP4 CK1A MARK4 GSK3B CK1G3 HASPIN CAMK1D CK1E DCAMKL1 SGK1 CAMK2A WNK4 WNK1 MARK2 WNK2 S6K2 CDKL2 PKD3 CAMK1A CDKL1 S6K1 PKD2 CAMK2D NIM1 CAMK2B CAMK1B PINK1 NEK2 BMPR2 MAPKAPK3 CAMK1G MOS MAPKAPK5 PIM1 ICK PKD1 TSSK2 PASK CHK2 DSTYK PIM3 AKT2 CITRON PKN2 LRRK2 PBK LATS2 PIM2 RSK3 RSK1 LATS1 PRPK DAPK2
GBF1_1331_1343,WNK1 SBK PAK6 CHK1 WNK2 TSSK3 TSSK2 PIM2 SSTK PIM1 CK2A2 TSSK1 CK2A1 WNK4 CDC7 NIM1 NUAK2 TSSK4 PAK1
GPR6_349_361,DYRK1B BUB1 HIPK2 DYRK4 HIPK1 HIPK3 DYRK3 DYRK2 WNK2 IRE1 SBK CLK2 MAK CDK12 MOK SRPK2 NDR2 JNK2 NEK2 WNK1 ICK LOK SRPK1 CDK9 STK33 P38G MPSK1 CDK10 CAMK2B CDK4 SRPK3 HIPK4 RSK1 JNK3 NDR1 CAMK2A JNK1 CDK13 CDKL2 PIM1 WNK4 CDK15 RSK2 IRAK4 PIM2 CLK3 CDK7 CDC7 TRPM6 CDKL1 GSK3A DYRK1A ERK1 ERK2 PKR SGK1 CAMK1D
GPSM2_394_406,CAMK1D BRSK1 MSK1 CAMK1A MYLK4 TSSK3 QSK AURA PKACA PKACB MSK2 TSSK4 SIK SBK BRSK2 skMLCK PKD3 TSSK1 PKD2 MARK1 AKT2 MARK2 AMPKA2 CLK2 PKD1 PRKX SGK1 CAMK1G MARK3 CAMK2B CLK4 AMPKA1 AKT1 DAPK1 CHK2 MAPKAPK2 TSSK2 MARK4 AURB CAMK2A MNK2 RSK2 CAMK4 SSTK
GRIK2_708_720,PKG1 skMLCK CLK1 CLK4 ERK7 PKG2 CDK6 HUNK AURA NEK9 SGK1 PAK5 DAPK1 PAK4 DYRK3 MLK2 MSK2 PAK2 PKACA PKCE PINK1 PKCI CDC7 MSK1 AURB PKCT PKACG PKCH MYLK4 RSK1 RSK2 AKT1 CDK10 PKCZ DSTYK PAK3 PAK6 PERK PKCG DAPK3 PKCD MRCKA DMPK1 WNK1 PKCA PKCB PKN2 PAK1 KHS2 WNK3 YANK3 CAMKK1 SLK IRE1 NEK2 PKN1 HRI RSK4 IRAK4
GSUB_61_73,MAK SBK HIPK1 SGK1 ICK DYRK1B DYRK1A MOK DYRK3 HIPK3 HIPK2 DYRK4 AKT2 DYRK2 CDK10 CDK14 AKT3 CLK2 DMPK1 CLK4 CDKL2 smMLCK S6K2 CLK3 CITRON SRPK1 DAPK3 MRCKB CHK2 CDKL5 SGK3
GYS2_1_13,PERK ALK4 SGK3 CHK2 RSK1 MAPKAPK5 HRI RSK3 SGK1 PKR ULK3 CLK1 GAK CAMK1A LKB1 MAPKAPK3 HIPK3 PKD3 RSK2 MELK AKT1 MSK1 CAMK1D PKN1 MYLK4 HASPIN QIK DCAMKL1 CAMKK1 DYRK3 MSK2 SRPK3 CDKL2 CAMK1G WNK4 CDKL1 RIPK1 CLK4 S6K1 QSK AKT2 AMPKA2 skMLCK PDHK1 PHKG1 MRCKB ICK DCAMKL2 RSK4 CDKL5 AMPKA1 NUAK1 PIM3 PKG2
H2B1B_ 27_40,TBK1 IRAK1 PLK2 IKKE RSK4 PLK3 PKACA S6K2 RSK2 PKG2 RSK3 GRK3 PKACB CAMK1G PRKX S6K1 CK1A PKD3 CAMK1A PKG1 PIM1 RSK1 CAMK1D GCN2 MYLK4 PKACG PIM2 SGK1 GRK4 SRPK1 NDR1 SGK3 CK1D GRK1 TSSK3 PASK TSSK4 DMPK1 PKCH PKD2 CITRON AKT2 smMLCK CAMK1B AURB GRK5 PKN2 CDKL2 PKCD YSK4 PKCT WNK2 IKKB PKCG skMLCK MEKK1 MELK BMPR2 CLK2 MSK1 CHK2
H32_3_18,ERK7 MAK SBK PAK6 PINK1 MOK ICK PAK5 CLK3 CDKL5 BUB1 PKACB ROCK2 MST4 PKCE ROCK1 PKCI PKCZ AKT2 AKT3 MRCKB PKG2 PKD2 RSK3 CDKL2 CDK3 DCAMKL1 DMPK1 PAK4 PKR PKCB TRPM6 MPSK1 WNK2 RSK2 CLK2 S6K2 CLK4 CDK2 PIM2 LOK AURA PKD3 SGK3 MSK2 YANK2 PKCT SRPK1 MST3 PIM3 PIM1
HS90A_615_627,SRPK3 PKD1 TLK1 RSK3 CK1G3 MST2 SRPK1 RSK1 DCAMKL1 NUAK1 SRPK2 TLK2 DAPK2 PLK1 PERK PKD3 MST1 HRI PKR AKT2 GCN2 TSSK1 BCKDK ALPHAK3 CAMK1B GCK WNK4 SGK1 TGFBR2 MNK2 TTBK2 NUAK2 RSK2 CDKL1 MSK2 KHS1 DAPK1 GRK3 DCAMKL2 ANKRD3 S6K2 NEK6 PKD2 YSK1 MAPKAPK5 CK1E ACVR2A HPK1 CDC7
IF4E_203_215,ICK MNK1 MAK PRP4 MOK CDKL5 CDKL2 CDK2 CDK3 PKD1 MNK2 CLK2 MPSK1 SIK DCAMKL1 PKCZ PKCB TSSK4 PKCD PKR DCAMKL2 IRAK4 COT NDR2 NEK5 NDR1 BUB1 TNIK TAO3 MST4 PKCA CLK3 AMPKA2 PIM1 NIK RIPK3 PKCG NUAK1 AMPKA1 PKCT LKB1 PIM3 PINK1 CLK1
IRS1_788_800,PAK6 TSSK1 ERK7 PASK AURB CDK14 PAK3 AMPKA1 MOK PAK4 AMPKA2 NUAK2 PAK2 CDK15 TSSK2 ICK ERK5 CDKL1 AURA CDKL2 PIM2 AURC CLK3 QIK NEK2 SMG1 SGK1 PAK1 MAK AKT1 MSK1 ANKRD3 NUAK1 MAPKAPK3 RIPK3 WNK3 SRPK3 CDKL5 MRCKB PDK1 AKT2 WNK1 SSTK DMPK1 BRSK2 PKACG MRCKA ATR SBK
K6PL_766_778,CAMK2A ERK7 SRPK3 MLK3 BRSK1 SRPK2 SRPK1 MAPKAPK2 CLK2 MLK4 PERK SBK IRE2 CLK1 IRE1 CAMK2B MAPKAPK3 CLK4 MSK1 CAMK2D AKT2 MRCKA AKT3 PKD3 CLK3 PLK2 MYLK4 CDKL2 PKD2 MLK2 BRSK2 RSK2 AKT1 DCAMKL1 CDKL1 PLK3 RIPK3 WNK1 PIM1 MAPKAPK5 NEK9 NEK2 MRCKB CAMK1D WNK4 PIM2 SGK3 NEK4 smMLCK RSK4 HASPIN IRAK4 NDR2 RSK3 CAMK1A caMLCK
KAP2_92_104,PINK1 CLK4 IRE1 CLK1 ASK1 MSK1 S6K2 ALPHAK3 IRAK4 BUB1 MOK MAPKAPK5 S6K1 MSK2 BMPR1A AURA TRPM6 RSK2 SGK3 MEKK1 DYRK3 BRAF skMLCK CK2A2 HRI RSK3 MNK2 CLK2 ASK3 RSK4 DNAPK MAPKAPK2 CK2A1 YSK4 RSK1 TAK1 CAMK1A PERK PKG2 ASK2 MAPKAPK3 CHK2 STLK3 CAMK2B IRE2 caMLCK TLK1 PAK1 SBK MST2 SRPK2 CAMK1D MYLK4 CLK3 NEK11 PKACA PAK3 DAPK1 TSSK4 NUAK2 SSTK PAK2
KAP3_107_119,PKACA ERK7 MSK1 MYO3B CLK1 CLK4 BUB1 MSK2 SBK CLK2 MLK3 MAPKAPK5 LOK RSK2 IRAK4 PKR RSK4 RSK3 MYO3A PKACB DYRK3 LRRK2 RSK1 MNK2 MST3 MAPKAPK3 PRKX PKG2 caMLCK skMLCK NEK8 MAPKAPK2 IRE1 SGK3 smMLCK MRCKB CAMK2B ROCK1 IRE2 PKCI MYLK4 PKCT MLK1 PKCE YSK1 CAMK2A SLK SGK1 CAMK2D PAK2 PKCH S6K2 PAK1 CAMK1D HIPK3 DYRK4 MLK2 PAK3 AKT1 PKCZ
KAPCG_192_206,P38B JNK1 DYRK4 P38A JNK2 WNK1 DYRK1B S6K2 CDK9 S6K1 JNK3 DCAMKL1 CDK13 P38D DYRK2 AKT2 CDK7 CDK12 CDK16 TAO3 TAO1 MOK DCAMKL2 MST3 CDK5 ERK2 AKT3 KHS1 DMPK1 PINK1 PIM2 DYRK3 RIPK3 RSK1 KHS2 NDR1 MST4 CHK2 CITRON NIK SGK3 TAO2 RSK4 ROCK2 LOK ROCK1 PASK DAPK1 RSK3 MRCKB RSK2 DAPK3 MSK1
KCC2G_278_289,WNK4 CAMK2B IRE1 CAMK2A SBK WNK1 CAMK2D NUAK2 CAMK1D IRE2 PKN1 MAPKAPK2 ULK1 TSSK3 PHKG2 MAPKAPK3 AMPKA2 smMLCK WNK3 PASK WNK2 ULK2 ALPHAK3 NEK2 CAMK1A BRSK2 CAMK1B TBK1 CHK1 TTBK2 DAPK3 CK1G1 DLK MSK1 PKCI caMLCK PKN2 DAPK1 IRAK4 SRPK3 MELK YANK2 ALK1 TSSK2 AMPKA1 ALK2 RAF1 PKCT PIM1
KCNA1_438_450,MOS KHS1 SBK NEK6 PKD3 HPK1 GCK KHS2 ERK7 CDC7 DSTYK ACVR2B COT RSK1 MSK2 ACVR2A GCN2 ALK1 BMPR1B AKT2 MSK1 S6K1 HGK NEK2 SMG1 BMPR2 TNIK PAK2 SGK3 PKG1 ALPHAK3 SGK1 TAO2 MLK1 RSK2 MYLK4 DCAMKL1 MAPKAPK3 PINK1 CDKL2 MINK HIPK3 PKACG ALK4 TSSK3 RSK3 PDHK4 DAPK1 PKN1 skMLCK DYRK3 BMPR1A GRK4 AKT1 PKG2 PKACA RIPK1 MELK CHK2 TLK2 PAK3 NEK9
KCNA2_442_454,TRPM6 ASK3 ASK1 MLK1 MELK SGK1 PINK1 KHS1 NEK11 AMPKA2 IKKE NEK6 ASK2 HPK1 AMPKA1 DCAMKL1 MEKK1 SMG1 NEK7 ZAK NUAK1 SIK TAO1 BUB1 NUAK2 HGK MSK2 NEK2 KHS2 CDKL2 MEKK2 MINK CAMK1G DCAMKL2 MEK5 CHK1 GCK WNK4 CAMK1D ALPHAK3 WNK1 RSK4 DYRK1A TSSK1 TNIK AKT3 CAMK1B PKD2 CDKL1 EEF2K SGK3 TSSK4 RSK3 TAO2
KCNA3_461_473,SMG1 KHS1 ERK7 KHS2 HPK1 TNIK NEK4 MINK GCK GCN2 HGK MST1 NUAK1 AMPKA2 MELK MYO3A DCAMKL1 CAMK1D PKD3 TSSK3 ATM NEK1 MLK2 DNAPK TTK SIK SBK AMPKA1 CAMK1A CAMK1G NEK9 TAO3 CHK2 NUAK2 DCAMKL2 SGK3 ASK1 QIK OSR1 AKT1 TAO2 AKT2 ASK3 YSK4 MRCKA MYLK4 ASK2 SGK1 DAPK1 IKKE CLK1 NEK7 PKN1 PKD2 PIM3 skMLCK HIPK4 MYO3B
KCNA6_504_516,SGK1 P38D MSK1 JNK1 RSK4 JNK3 PKACB JNK2 PKACA CDK6 RSK2 P38G CITRON P38B S6K1 CDK5 RSK1 CDK4 RSK3 CDK3 AKT3 MSK2 P38A PRKX ERK2 CLK2 ERK1 AKT1 CDK16 AURA CDK1 AKT2 DYRK3 CDK17 CLK4 CDK10 CDK13 PASK CDK12 SGK3 CDK18 S6K2 ERK7 MRCKA CDK9 PAK2 CDK2 DYRK1A PKD2 NLK PKD3 PKACG PIM2 CDK7
KCNB1_489_501,TGFBR1 COT SBK BUB1 MAPKAPK2 GRK5 CK1A IKKB MAPKAPK3 ALK7 LOK NEK2 ACVR2B SLK TSSK3 LKB1 CK1G1 TBK1 ERK7 RSK2 IKKE CDKL2 RSK1 PKCB GCN2 BMPR2 RSK3 DSTYK CAMK1A CK1G2 CAMK1G PIM1 CK2A1 CAMKK2 MLK3 CDC7 MST3 IKKA PLK1 MYLK4 PIM3 NEK4 PKCZ WNK2 CHK1 CDKL1 CK2A2 DAPK2 HASPIN MRCKB RSK4 MSK2 MAPKAPK5 SGK1 NEK7 NEK6 MLK1 PIM2 PLK2 CK1G3 TLK2 GRK7 FAM20C CHK2 CDKL5
KCNH2_277_289,PAK4 ERK7 SBK DYRK4 MLK4 PKCZ MAPKAPK2 MSK1 EEF2K MLK3 CAMK2A DSTYK CAMK1D IRE1 MST4 MSK2 IRE2 DYRK2 MLK1 AMPKA2 PHKG1 PHKG2 BRSK1 CAMK2B MST3 RSK2 CLK2 NEK9 AURC TSSK4 TRPM7 CAMK1B MAK ULK2 SGK3 ZAK PKACB HGK TSSK1 YSK1 AMPKA1 TSSK3 MOK PKD1 SRPK3 SRPK1 COT RSK3 QSK PKD2 PRKX NUAK2 CK1G1 STK33 HIPK4 CLK1 TSSK2 AURB CLK4 skMLCK CAMK2D
KIF11_919_931,AURC CDK1 MNK1 CDK5 MNK2 CDK6 PKCZ AURB CDK4 PAK4 PAK5 CDK13 PKG2 CDK12 PAK1 CDK16 PKACB NEK1 P38G PKACG CDK14 PRKX CDK9 HIPK2 P38A PKACA CDK2 PAK3 CK1G2 CDK17 PAK6 skMLCK PKCD MSK1 MOK PKCT NEK4 GSK3A PKCA ERK7 MPSK1 CDK10 PAK2 MEKK1 ALPHAK3 PKCB CLK2 CDK18 RSK4 SRPK3 MRCKA HGK AKT1 CDK15 MYLK4 NLK CLK3
KIF2C_105_118_S106G,PRP4 PINK1 CDKL5 CDKL1 CDK15 MAPKAPK2 HIPK3 IRAK4 RSK3 RSK1 CLK1 RIPK1 CDKL2 TBK1 SGK3 DYRK3 CDK14 CAMK2D WNK3 ROCK1 smMLCK HASPIN PAK3 WNK1 IKKE SRPK1 caMLCK skMLCK MOK MRCKB WNK4 MYLK4 S6K1 SGK1 SSTK WNK2 NUAK2 SRPK3 AKT1 PKD3 YANK3 AURA CAMK1A AURB MELK DAPK2 IRE1 ERK7 PKCI RSK2 AKT2 TTBK2 PIM2 DAPK1 NIK CAMK1B HIPK1 CLK3 PAK1
KPB1_1011_1023,AURA TLK1 MSK1 CDKL5 CK2A2 PKACA CK1E PKG1 CK2A1 MSK2 DNAPK PAK5 FAM20C PKACB PAK4 AKT1 CLK4 SGK1 MYLK4 DSTYK SGK3 CLK1 CK1A PAK6 PKG2 MRCKB AURB RSK4 caMLCK PAK3 PKACG RSK2 NEK6 PRKX AKT2 CK1A2 PAK1 PAK2 DAPK1 MAPKAPK5 NEK9 S6K2
KS6A1_374_386,PKN1 PBK DCAMKL2 BIKE MAPKAPK5 AAK1 CHK2 GAK CAMK2D PINK1 CAMK4 MPSK1 CAMK1A LKB1 MAPKAPK3 NEK1 PHKG1 NEK4 MELK CAMK1G RSK1 NEK5 SGK3 PHKG2 CAMK2B CAMK1B PDK1 CAMK1D NEK2 AMPKA2 NUAK2 RSK3 DCAMKL1 SGK1 CDKL2 WNK4 PKD3
LIPS_944_956,AURC PKACB AURB PRKX PKACA PKG2 VRK2 PKACG EEF2K AURA PKG1 AKT1 MNK2 TTK PAK1 RSK4 CLK2 MSK2 MSK1 PAK5 PAK3 NDR2 MEKK2 NDR1 AKT2 IRE2 PAK4 SGK3 RSK3 CHK1 PAK2 PKCZ CLK4 MNK1 PAK6 HIPK4 LATS1 TAO3 WNK2 HASPIN AKT3 DNAPK MST1 RSK2 ATM S6K2 LATS2 ROCK2 PIM2 skMLCK CLK3 PKCE MYLK4 MRCKB MAK KHS1 caMLCK
LMNA_192_204,GRK6 CAMKK2 ALPHAK3 PKN3 YANK3 PASK GSK3A DLK TAK1 NEK8 PIM1 CAMKK1 YANK2 GRK7 IKKA PKCD DRAK1 CDKL1 GSK3B PDK1 RSK4 GCK SGK1 TAO3 CAMK2G IKKB NIK GRK5 GRK1 AKT1
LMNB1_16_28,AURA AURB AURC P38G PAK4 P38B PKN3 PAK6 ERK1 PAK5 P38A PAK3 PAK2 JNK2 P38D PKG2 PRPK CDK6 CDK4 NEK5 MYLK4 MEKK1 caMLCK MSK1 PAK1 JNK3 TRPM6 skMLCK CDK12 JNK1 MAK MNK2 CDK19 DAPK2 ERK2 PRP4 PASK PKACG PKG1 YANK2 MNK1 CDK8 CDK13 DYRK1A CDK14 CDK17 CDK16 CDK5 CDK1 RIPK3 CDK7 DYRK2 CDK18
MARCS_152_164,PKCE PKN1 PKCI PKCH PKCT PKCG PKCA CAMK4 PKG2 PKN2 PHKG2 DCAMKL2 PHKG1 SGK3 DRAK1 CAMK1G PKCD MST4 PKACG MNK1 PKCZ CAMK2D PKG1 CLK1 AKT1 AURB WNK1 MYLK4 CLK4 MELK AKT2 PIM2 WNK3 PKACB CAMK1D AURC PKCB CAMK1A DMPK1 PKACA S6K1 NEK7 PIM1 ULK3 AKT3 CDK10 CLK3 PAK6 AMPKA1 AMPKA2 SLK PDHK4
MARCS_160_172,PIM2 PKCT PKN1 PKCA PKCH PKCI PHKG1 PKCE MST4 PINK1 PKN2 PKG2 NEK2 DRAK1 ULK3 PKCG CK1A2 DAPK2 AURB PKCD PKACG PKG1 MYLK4 caMLCK WNK1 IRAK4 MLK1 MST3 MNK1 ANKRD3 skMLCK PBK NEK11 WNK3 RIPK3 MASTL PKCB DCAMKL2 SGK3 PKD3 PKCZ MLK3 CAMK1G
MBP_222_234,MAK ERK1 P38A P38B HIPK2 P38D CDK4 HIPK3 HASPIN P38G CDK5 CDK18 CDK14 MOK CDK19 CDK6 HIPK1 ERK2 JNK2
MP2K1_287_299,MAK GRK1 MOK ICK CDK10 HIPK2 CDK4 DYRK1A HIPK3 CDK12 HIPK1 MAPKAPK2 HIPK4 CDK6 CDKL5 PKD1 SRPK1 CLK2 CDKL2 CDK1 IKKB JNK2 CDKL1 MAPKAPK3 P38G DYRK1B PKD3 ERK1 SRPK3 P38A DYRK2 DYRK3 CDK14 SRPK2 CDK9 MSK1 CDK5 COT CDK13 MYLK4 CDK7 DYRK4 CDK3 JNK3 P38B ERK5 RSK2 JNK1 NDR2 NLK CDK18 RSK4 CDK17 TSSK1 ERK2 AKT2 CDK15 YANK3 CDK16 PKD2 PBK RIPK3 RSK3 PAK5 CDK19 P38D
MPIP1_172_184,MAPKAPK2 ERK7 MAPKAPK3 SMG1 PKD2 MLK2 CDKL5 DNAPK SBK EEF2K CDKL2 LRRK2 PKD1 DRAK1 PIM1 ATM PKD3 NEK8 AKT2 PERK MAPKAPK5 NEK2 CDKL1 MOK MLK3 CAMK1D TAK1 NEK5 PIM2 ICK CAMK1B SLK PRKX IRAK4 S6K2 MLK1 PIM3 TTK CAMK2A MLK4 CHK2 SRPK1 SRPK3 NEK9 DCAMKL1 MAK CAMKK1
MPIP1_70_82,SBK PKD1 CAMK2B MAPKAPK2 ACVR2B CAMK2A COT CAMK1D ALK1 BMPR1B PKD3 TGFBR1 ALK2 DSTYK PLK2 GRK5 CDC7 ALK7 MLK4 CAMK1A CAMK2D GRK6 PKD2 ACVR2A GRK4 MAPKAPK5 MOS RAF1 CHK1 CK2A1 PLK3 ALK4 CHK2 BMPR2 MAPKAPK3 GRK2 MLK1 TSSK3 TGFBR2 BMPR1A IKKB GRK1 MSK2 TTK
MPIP3_208_220,IRE1 SBK CDK14 CDK17 PKD1 MAPKAPK2 JNK2 CAMK2A ICK CDK12 CHK1 WNK4 CDK16 MAPKAPK3 CDK15 IRAK1 CDK6 CDK9 PKN3 WNK3 CDK4 PKD2 CDK7 CAMK2B IRAK4 CDK18 CAMK2D PINK1 RIPK3 ERK1 MAK CDK5 WNK2 ERK2 RSK1 CDK10 PBK CDK19 AMPKA2 WNK1 CDK13 IRE2 RSK2 RIPK1 SIK CDKL5 NLK LATS2 HIPK3 LATS1 MOK BRSK1 AMPKA1 MSK2 CHK2 MSK1 MPSK1 PIM2 QSK
MYC_51_63,P38B MAK ERK1 CDK7 JNK1 P38G P38D JNK2 P38A CDK17 ERK2 CDK18 CDK19 JNK3 CDK16 CDK14
MYL9_14_26,PKD1 SBK HIPK4 PKD2 PKD3 MAPKAPK3 SGK1 MAPKAPK2 TSSK3 DYRK1A SGK3 skMLCK SIK TSSK2 caMLCK CAMK1A DAPK1 MELK AKT3 AKT2 NUAK1 MAPKAPK5 DCAMKL1 TSSK1 AKT1 MYLK4 DAPK2 PAK3 PAK1 NUAK2 S6K2 DAPK3 RSK1 MSK1 DCAMKL2 CAMK1D PBK S6K1 MRCKB MSK2 ROCK2 BRSK1 CITRON CAMK1B QIK TSSK4 AMPKA2 PAK2 CDKL1
MYPC3_268_280,ERK5 IRE1 SGK3 PINK1 PAK1 IRE2 RSK3 PAK6 PRKX RSK2 DAPK1 PKG2 ROCK2 MRCKB RSK4 PKD2 SBK AURB CLK1 CLK4 PAK3 AKT2 SRPK1 ERK7 SRPK3 PKD1 caMLCK DAPK2 SGK1 PKD3 CLK3 S6K2 RSK1 MNK2 S6K1 AKT1 SRPK2 PIM2 skMLCK PAK2 DYRK3 PKG1 PKACG AURC DAPK3 MLK1 CLK2 PKCI PHKG2 MSK1 CAMK2D PKCE MYLK4 MAPKAPK3 PAK5 CDKL2 BMPR2 HIPK3 MAPKAPK5
NCF1_296_308,PKACB AURC PKG2 PKCA AKT1 PKCT PKCZ PKCG PKCE AKT3 PKCH PKCD PRKX MNK2 AURB SGK3 PKACG PAK1 PKACA PAK3 PKCB RSK4 MNK1 CAMK1A AKT2 SGK1 CHK2 skMLCK CLK2 AURA PAK2 MRCKB MSK2 PAK4 PAK6 PKCI ROCK2 PAK5 CDK12 PKN3 MAK PKN2 WNK2 RSK3 MSK1 SRPK2 PKG1 CLK3 SIK CLK4 ROCK1 SRPK1 CLK1 YANK3 caMLCK RSK2 CDK4 MYLK4
NCF1_321_333,AKT3 MYLK4 AKT1 PKG1 skMLCK RSK3 PKN1 SIK SGK3 PKACA MSK2 AKT2 SGK1 smMLCK PKCE CAMK1A PKG2 CAMK1G PHKG1 PKCT QSK PHKG2 CLK4 PKCH PKCI RSK4 CLK1 MSK1 QIK ROCK1 PKCA S6K1 MRCKB PAK2 SNRK PAK3 PKACB PAK4 DYRK3 RSK1 PKACG PKD3 SBK AURB MAPKAPK5 caMLCK PAK5 S6K2 RSK2 PKCG PKCZ PAK1 NUAK1 AURA PKCD DAPK1 PKN2
NEK2_172_184,P38G GRK1 P38D IKKA NEK5 JNK2 DCAMKL2 CDK4 IKKB P38A SMG1 NEK1 P38B VRK1 ERK2 CK2A1 CDK6 IKKE NEK2 CDK7 DCAMKL1 CDK5 CK2A2 CDK14 JNK3 CDK9 CDK17 PDHK4 JNK1 NEK9 ERK1 HIPK3 TBK1 CDK12 CDK16 CDK19 MLK3 SGK3 MLK2 NEK4 ASK3 PDHK1 MOK
NEK3_158_170,P38D VRK1 P38G NEK2 DYRK1B P38B JNK3 JNK2 JNK1 NEK9 CDK7 WNK4 CDK4 NEK1 CDK12 ALK4 P38A CDK9 ERK2 CDK5 NEK7 CDK8 BMPR2 ERK1
NFKB1_330_342,DAPK1 ALPHAK3 ALK7 MSK1 BMPR1B PKACA YANK2 TGFBR1 PRKX NEK7 CAMK1D CAMKK1 ACVR2A SGK1 ALK1 DAPK3 CAMK1A NEK6 MRCKA PKACB CAMKK2 ACVR2B RSK2 ALK4 BMPR1A ALK2 MYLK4 CK1G2 PLK1 AURB DSTYK GRK3 MSK2 TGFBR2 AURA GCN2 PKACG TLK1 PLK2 DAPK2 PLK3 SGK3 TLK2 skMLCK MEKK2 CAMK1G RSK4 PKR GRK4 CAMK1B SBK TSSK3
NMDZ1_890_902,ACVR2A PKACB ALPHAK3 ACVR2B CK1G2 RSK4 CLK4 skMLCK MSK2 AKT2 HRI PLK3 CAMK1D CLK2 MSK1 PKCE AKT1 CAMK1G MLK4 CDK6 SGK1 TSSK3 TLK1 ROCK2 CLK3 CITRON AKT3 COT GRK7 FAM20C ZAK VRK2 PERK ALK4 PKG2 PIM2 SGK3 NEK6 RSK1 SRPK2 PKCT NEK9 SBK MRCKB DAPK1 PKCG PASK BRAF PAK1 PKCD CLK1 YSK4 PKCI PKCH caMLCK GAK PKCB S6K2 MTOR TLK2 CHK2 GCN2 LKB1 PKN1
NOS3_1171_1183,PDHK1 PDHK4 CITRON MOK CAMK1G BCKDK GRK1 CAMK1A CHK2 MELK skMLCK BUB1 CDKL2 RIPK1 HASPIN SBK YSK4 TRPM6 PKN3 COT SMG1 ATR CDKL1 CAMK2B S6K2 CLK3 DCAMKL1 CAMK1B DCAMKL2 PIM1 PIM2 DAPK1 AKT1 SGK1 CAMK1D SRPK3 IRAK4 PASK RIPK3 RSK1 CAMK2D PKD3 MYLK4 WNK3 WNK1 NUAK2 NDR1 DAPK2 YANK3 WNK4 CAMK2A MRCKB DRAK1 SRPK2 MPSK1 PKN1 DYRK1A DYRK3
NOTC1_2507_2519,P38B JNK2 CDK1 HIPK2 CDK4 JNK1 P38D DYRK4 JNK3 CDK8 P38A DYRK2 ERK1 P38G CDK13 CDK17 CDK9 CDK19
NR4A1_344_356,RSK4 PKD2 CLK3 PIM2 CLK2 PIM1 AKT2 RSK2 SRPK2 AKT3 SRPK1 RSK1 RSK3 S6K1 PKD3 AKT1 PIM3 PRKX S6K2 MAPKAPK2 CITRON BUB1 SGK1 CLK4 CLK1 PKD1 SRPK3 CDKL1 HIPK4 TRPM6 PKACB PKCE HIPK1 MOK MAPKAPK3 PKCD PASK CHK2 AMPKA2
P53_12_24,ATM PLK3 MOS PLK2 DNAPK GRK2 PLK1 ATR ALK1 PKN3 FAM20C TGFBR1 BMPR1B TSSK2 NDR2 CK1G3 HUNK BMPR1A CAMK1A
P53_308_323,CDK16 PKD1 COT CDK18 CHK1 CDK17 MAPKAPK2 CDK1 NEK1 MLK2 PKD2 KIS TRPM6 CDK14 PASK CDK15 PKN3 CDK6 MAPKAPK3 CDK3 TLK1 P38G ANKRD3 PLK1 LKB1 CDK4 ERK2 NEK4 DLK NEK9 CDK19
PCBP1_55_67,MPSK1 PKN3 CHK2 SBK IKKB RAF1 SMG1 MRCKB IKKA HRI caMLCK WNK4 BRAF CK1G3 SGK1 ROCK2 DAPK2 BUB1 S6K1 TLK2 MEKK1 MAPKAPK3 NEK5 PDK1 CAMK1B CITRON AKT2 MAPKAPK2 NIK
PCSK7_496_508,FAM20C ERK1 TBK1 ERK7 YANK2 CDK16 IKKE P38G DNAPK P38B P38A CDK18 YANK3 CDK17 RAF1 P38D CDK6 COT CDK14 CDK4 CDK10 PDHK4 ERK2
PDE5A_95_107,CDC7 PKG2 CDK6 IRE2 PKG1 CDK5 MLK3 RSK2 CDK10 IRAK4 CK2A1 CDK4 TSSK2 CAMK1D CDK3 CK1D CAMK1A CDK1 CDK16 PKR CK2A2 CDK14 GRK1 CDK12 SSTK GRK5 MAK PKACA CDK13 CAMK1B NIM1 PKD3 CLK2 SGK3 MOK CDK2 S6K2 P38G IRE1 GRK3 SRPK3 MEKK1 CDK15 PKCZ PRPK TSSK1 SRPK2 GRK2 CDK17 RIPK3 MARK3 RSK1 CDK9 MLK1 caMLCK PRP4 P38A CK1E MAPKAPK2 SRPK1 PKCD
PDPK1_235_247,SGK1 LKB1 PKD1 AKT3 DCAMKL1 CAMK1A AKT2 SGK3 EEF2K MELK PBK DCAMKL2 TNIK AKT1 MPSK1 CHK2 MEKK2 PKN1 MAPKAPK2 PKD3 NEK4 AMPKA2 NEK1 PKN3 S6K1 HGK CAMK1D PKN2 MAPKAPK3 MNK2 CAMKK2 PKD2 RSK3 MSK2 SBK PDK1 CAMK2D KHS1 AMPKA1 CAMK1G CAMK2A MST2 MAPKAPK5 CAMK4 PHKG1 MYO3B S6K2 CAMKK1 NUAK2 NUAK1 CAMK1B MEK2 RSK1 MSK1 SIK
PKP1_167_179,SGK1 COT SSTK PRP4 SGK3 MST3 NEK5 ROCK2 AKT2 PKACA AKT1 PRPK SBK DCAMKL2 MPSK1 AKT3 DCAMKL1 MRCKA IRE1 RSK2 PKCE ROCK1 S6K2 PKACB RSK3 ICK RSK4 PKCI MRCKB CDK3 MST4 STK33 PKCD PKACG WNK2 TSSK2 RSK1 DMPK1 MAK PIM2 LKB1 PKCA KHS2 GCK CITRON NIK PRKX PKR TSSK1 PKG1 PKCB
PLEK_106_118,PKCI PKCE PKCT PKCH MOK PKG2 MRCKB PKCG PKCA SGK3 ROCK1 PKCB WNK1 PKCZ MYLK4 AKT1 skMLCK PKCD PKN1 PKN2 PAK6 AKT3 WNK2 ROCK2 CLK3 SBK PIM2 PKACA PAK5 SGK1 AKT2 PKACG PKG1 MRCKA RSK3 CLK2 smMLCK CDK10 AURB ERK7 DMPK1 WNK3 CLK1 HIPK3 MNK1 PKACB IRAK4 PHKG2 CLK4 NUAK2 HIPK1 NEK2 CAMK1G RSK2 MST4 WNK4 S6K2 CDK6 RSK4 AURC
PLM_76_88,PLK2 CK1G2 ALK4 ACVR2A TGFBR1 ALK1 COT CDK4 ALK7 CAMK1A PLK3 DYRK3 ACVR2B PKG2 TRPM6 ALK2 AURB GRK2 PKN1 CDK6 CLK1 ERK7 PKG1 AURA MLK1 PLK1 MYLK4 SGK3 BMPR1B MLK3 MRCKB PKCI CAMK1D TTK HIPK3 BMPR1A AKT2 PKCE CLK4 DYRK1A CLK3 MEKK1 MLK4 PKCT AKT3 SBK PRP4 PKD3 smMLCK WNK3 CDKL2 AKT1 NEK9 SRPK3 BMPR2 PKCH DYRK4 EEF2K PHKG2 PKN2 PAK2 RSK3 WNK1 caMLCK PAK3 DSTYK
PP2AB_297_309,MLK4 DYRK1B MLK3 DYRK3 ERK7 DYRK4 MLK2 HIPK3 PKR HIPK1 MLK1 DYRK1A BUB1 CLK4 IRE2 HIPK2 ERK2 ANKRD3 DYRK2 NEK5 ICK PKCA CDK7 MYO3B CDK4 VRK1 CDK9 MYO3A P38A IRAK4 MAK NEK8 CDK14 MEKK2 CDK12 OSR1 CLK3
PPARG_101_113,CDK16 P38G COT P38D P38B P38A ERK1 KIS IRE2 CDK18 TSSK2 CDK17 CDK19 CDK8 JNK1 CDK1 HIPK2 IRE1 CDK2 CDK3
PPR1A_28_40,HIPK1 DYRK3 TBK1 DYRK1B MOK CLK2 MAK HIPK3 DYRK4 DYRK1A ICK HIPK2 SGK1 CLK4 MST1 DYRK2 EEF2K SBK CLK1 IRAK4 CLK3 PIM2 CDK10 NEK4 ROCK2 AKT2 MINK SRPK2 HGK HIPK4 TNIK NEK11 AKT3 TAO3 RSK4 CDKL2 SRPK3 NEK1 AKT1 IKKE RSK2 RAF1 PASK RSK1 DAPK1 LKB1 S6K2 DNAPK SRPK1 YSK4 CDK14 PRPK S6K1 SGK3 PKACA
PRKDC_2618_2630,TGFBR2 ERK7 ALK7 ERK5 GSK3B ATR MTOR MLK4 MLK3 ATM MLK1 ALK1 MLK2 ALK4 DNAPK DCAMKL1 CAMK2B PRP4 CAMK1D SRPK2 PASK COT RIPK3 DAPK3 YANK3 SRPK3 LKB1 SMG1 PLK1 DAPK2 ROCK2 CDKL5 VRK2 DAPK1 TGFBR1 CAMK1A MST4 MRCKA WNK2 CAMK2D PLK2 BMPR2 skMLCK PHKG2 MPSK1 SBK
PTK6_436_448,FAM20C PDHK4 MTOR ALK4 SGK3 EEF2K PKD3 MAPKAPK5 TSSK2 MARK2 MNK2 CAMK4 PDHK1 RSK3 VRK2 CAMK1A CHK2 MARK1 MSK1 IKKA CAMK1D YANK3 DCAMKL1 IKKB RSK1 CDKL2 DSTYK PASK MARK4 PAK2 AURC DCAMKL2 BUB1 CDKL1 MYLK4 SMG1 CAMK1B MSK2 AKT1 RSK4 CAMK2D RSK2 PIM2 GRK6 TTBK2 NUAK1 DAPK1 TTBK1 S6K2 YSK4 CK1A2 caMLCK
PTN12_32_44,CHK2 AKT2 PKCE PKCI AKT3 CLK3 PKD3 S6K1 CDKL2 RSK2 RSK1 RSK4 SGK1 MRCKB PAK5 ROCK1 PKN1 PIM2 PKCT SRPK3 MYLK4 RSK3 CDKL1 AURA DCAMKL2 SRPK2 MARK3 MRCKA DMPK1 PKACB DCAMKL1 CDKL5 PKCH CLK4 MNK1 CLK1 MOK CAMK1G MELK ICK CAMK1A CAMK1D PHKG2 IRAK4 PKCZ AURC smMLCK AKT1 PKN2 caMLCK YSK4 NIK STK33 HIPK3 HASPIN
RADI_559_569,SLK KHS2 LOK TAO3 HPK1 TAO1 GCK MST1 KHS1 MST3 TAO2 ROCK2 MYO3A PKCI MINK ROCK1 MRCKA YSK1 YSK4 TNIK MRCKB LRRK2 WNK2 HGK QIK MST4 PKCZ SIK MARK1 ANKRD3 TAK1 PKCD MARK3 PIM2 NIK QSK PKR MARK2 PKN2 NEK8 MYO3B
RAF1_253_265,CDK4 JNK2 ERK2 CDK16 DYRK1B MAPKAPK2 JNK3 TSSK3 CDK6 CDK10 MOK PIM1 HIPK1 HIPK3 CDK5 CDK17 SBK PKD2 CITRON CDK7 PKACB CDK9 CAMK1A RSK3 CDK14 PKD3 SGK1 CAMK1D CHK2 AKT3 NLK MELK PKD1 RSK1 AKT2 MAK S6K2 S6K1 MAPKAPK3 MAPKAPK5 CDK3 PKACA AKT1 RSK2 TSSK4 PIM2 PIM3 DYRK3 DCAMKL1 RSK4 MSK1 CAMK2A PRKX NUAK1 MRCKA PKACG PAK3 AMPKA2
RAP1B_172_184,TSSK3 PKACA PKG1 PKG2 PRKX SSTK PKACB PKACG TSSK4 AMPKA2 AMPKA1 SIK AKT3 AURC MRCKB SGK3 NDR1 QSK S6K2 MELK MRCKA skMLCK AKT2 TSSK1 SGK1 PKD3 BRSK1 BRSK2 MARK3 ROCK1 DCAMKL1 RSK4 MARK1 CAMK1D QIK MNK1 AURB AKT1 MYLK4 S6K1 CAMK1G CAMK1A MARK2 PKD2
RBL2_655_667,DYRK1B CHK2 NEK2 CDK7 PKD3 ULK2 P38G BUB1 ERK1 PKD1 ERK2 EEF2K SBK NEK7 P38D MELK NEK9 DYRK2 CAMK1D ULK1 DYRK4 CITRON DSTYK JNK3 MAPKAPK3 NEK6 HIPK3 DAPK2 TRPM6 JNK2 GCK CAMK1B WNK1 P38B SNRK CHK1 WNK4 HIPK1 TRPM7 CDK19 PKD2 CDK4 caMLCK JNK1 TTBK1 MOK NIK CDK8 PASK YANK2 ANKRD3 RIPK1 CDK9 MPSK1 TTBK2 P38A
RBM26_833_845,TSSK3 CAMK1A CAMK1D SSTK SBK TSSK2 TSSK1 DAPK1 SGK1 AMPKA2 DAPK3 AMPKA1 MRCKA CITRON MELK PKD3 CHK2 TSSK4 DMPK1 CAMK4 BUB1 MARK1 S6K1 CAMK1G DCAMKL1 CAMK1B AKT2 PASK ROCK1 SGK3 QSK
RB_242_254,ERK7 CDK14 CDK16 CDK4 CDK18 CDK6 CDK17 P38G CDK10 ERK2 ERK1 CDK5 P38D CDK15 CDK12 KIS P38A MAK CDK9 P38B CDK3 CDK1 CDK19 HIPK2 CDK7 CDK13 HIPK1 JNK2 ICK CDK8 HIPK3 MOK
RB_350_362,CAMK2B CDK3 PLK2 MRCKA CDK6 CAMK2D skMLCK CDK2 PLK3 AURC FAM20C CDK5 CAMK2G PKG2 CDK1 DNAPK CAMK2A MNK1 CDK4 ATR ERK2 ERK1 DAPK1 CDK10 PAK2 P38G PAK1 ERK7 CDK12 PDHK4 SSTK PLK1 CITRON CDK17 ALK7 ROCK2 NLK CDK14 MSK1 DSTYK PAK3 CDK9 IKKB SGK3 CDK18 MNK2 CDK16 PRKX MRCKB CDK15 CDK13 TBK1 PKD2 P38A ATM DAPK3 ROCK1 IKKA CDK19 PRPK SMG1 PINK1 MASTL HIPK1 TSSK4 AURA TSSK3 CLK3 CDK8
RB_774_786,CDK7 CDK4 CDK17 LKB1 DYRK2 P38B HIPK4 DYRK4 DYRK1B HIPK2 PINK1 P38G HIPK1 CDK18 CDK14 TRPM6 KIS HIPK3 TLK2 CDK9 CDK12 DYRK1A ERK1 ROCK2 TLK1 ERK2 PKN3 PASK P38A MOK PERK SBK MAK P38D CDK6 DYRK3 JNK1 BUB1 CDK13 JNK2 CAMKK1 ROCK1 MRCKA CDK10 CDKL2 CDK1 ICK CDKL5 CDK8
RB_803_815,CDK2 CDK3 CDK5 CDK6 CDK1 CDK4 ERK2 CDK17 NLK CDK7 CDK14 P38G CDK18 CDK15 P38D CDK10 ERK1
REL_260_272,BMPR1A RSK2 ALK7 PKACA BMPR1B PKACB TGFBR1 PRKX ALK1 DAPK1 ACVR2A MSK1 ALK4 SBK ACVR2B TSSK3 GRK7 CAMK1D ALK2 MAPKAPK2 TGFBR2 DAPK3 RSK4 GRK4 PIM3 TLK2 RSK1 MSK2 GCN2 PIM1 PLK1 CAMK1A CK1G2 PIM2 MLK4 SGK1 PERK CAMK1B PLK2 DAPK2 TLK1 AURA
RIT1_202_214,MLK4 CDK10 SRPK2 SRPK1 CLK1 CDK4 ULK2 ICK MOK CLK4 CDK15 ZAK CDK6 HIPK1 CLK3 CDK5 CDK14 ULK1 CDKL2 CLK2 HIPK2 CDK9 PKCE MLK3 ERK2 DYRK3 DYRK1B CDK3 TTBK1 CDKL5 MLK1 SBK IRAK1 MAK SRPK3 CDK12 AKT1 HIPK3 STK33 DYRK1A CDK1 PHKG2 NLK PHKG1 AKT3 MNK1 CDK2 CDK13 CDK16 PKCI TTBK2 CDKL1 TGFBR2 TRPM7 AKT2 CDK17 DYRK2 PKCH CDK18 CHK2 HIPK4
ROA1_186_198,ICK ERK5 CLK2 PIM1 SRPK1 CDKL5 CDKL2 SRPK2 DCAMKL1 SRPK3 PIM3 MLK2 MLK1 TSSK3 PKCB MAK CDKL1 CLK3 ULK2 PIM2 CLK1 ATR HIPK1 MOK HIPK2 WNK2 CLK4 CDK10 PKCZ PBK TTBK2 DNAPK DSTYK PRKX CAMK1G CAMK1D IRE1 NUAK2 WNK1 PINK1 SGK1 CDK15 PKCA IRAK4 DYRK1B SBK SGK3 NDR1 WNK3 MAPKAPK2 ATM PKCT PKCG AURC PKD3 TSSK4 CHK2 PKD2 SMG1
RPB1_1607_1619,PKN3 ERK1 NDR2 P38G CDK19 CDK7 PKD1 YANK2 LATS1 CDK8 JNK2 LATS2 ERK2 CDK17 MAPKAPK2 JNK3 CDK12 MEKK1 P38B P38D NEK1 P38A JNK1 HIPK4 CDK18 MAPKAPK3 HIPK2 CDK13 PRPK CDK4 TBK1 CDK16 DCAMKL1 CDK6 MNK1 CDK9 CDK1 DYRK2 IKKB MLK2
RS6_228_240,SGK1 PIM2 RSK2 RSK4 MRCKA S6K2 AKT1 SRPK3 AKT2 SRPK2 PINK1 PKN1 PKG2 PKCI HUNK RSK1 CHK2 CLK3 MYLK4 CDKL2 PKCE CLK1 SGK3 PKCT CITRON DYRK3 ROCK2 AURB PAK3 CLK4 PKD3 PAK6 RSK3 AKT3 WNK1 PKCH PKN2 PAK2 MRCKB PKACA HIPK3 MSK1 S6K1 skMLCK caMLCK CAMK1A CDKL5 PKACG WNK3 SBK PKG1 MNK1 PAK1 CDKL1 PHKG2 NEK6 SRPK1 AURC PKCG MELK PIM1
RUNX3_8_20,CDK19 ERK1 CDK8 HIPK3 CLK4 SBK DYRK1A HIPK2 DYRK1B P38A P38B HIPK1 IRE1 DYRK4 P38G IRE2 HIPK4 DYRK2 DYRK3 CDK17 CDK7 CDK18 MAK CDK14 ICK P38D MLK3 HRI CLK1 ERK2 PKCH CDK10 ERK7 MOK SRPK1 JNK2 CDK16 MLK1 CLK2 JNK1 NEK2 JNK3 PKCZ WNK1 IRAK4 CDK1 PKCG PKCT CDK4 PKCA CLK3 DAPK2 SRPK3 MLK4 WNK3 KIS HGK CDKL2 PKCE PIM2 CDK12 CDK6 STK33 PHKG2
RYR1_4317_4329,SGK1 PIM2 MRCKB SGK3 DAPK1 CDKL2 MYLK4 CITRON S6K1 RSK2 ROCK1 DAPK3 smMLCK AKT1 AKT2 DMPK1 RSK4 ICK skMLCK CDKL5 ROCK2 RSK3 MRCKA S6K2 caMLCK AKT3 DYRK3 ERK7 MOK CHK2 CAMK1A PKACA PIM1 RSK1 MSK1 PKG2 DAPK2 CDKL1 PKN1 SBK MAK PASK PAK2
SCN7A_898_910,SGK1 AKT3 AKT2 AKT1 SGK3 RSK1 PKACG PKACB DCAMKL1 MRCKA MSK1 RSK4 PKACA RSK3 AURA CLK4 CLK1 MSK2 AURB RSK2 CLK2 AURC MRCKB PRKX CDKL2 AMPKA2 S6K2 MNK2 ROCK1 PKG1 S6K1 PKG2 SBK NDR1 TSSK3 SRPK2 ROCK2 QSK SRPK1 CAMK1D AMPKA1 SRPK3 MAK DYRK2 SIK BRSK1 NDR2 CHK2 TSSK1 PKCT CDKL1 BRSK2 DYRK3
STIM1_662_674,CDK1 CK1A SRPK3 CDK5 ALK7 P38G CDK6 BMPR1A CDK3 MOS GCN2 KIS CLK2 JNK3 ERK1 CDK12 CK2A1 CDK2 CK2A2 IKKB TGFBR1 CDK13 PLK2
STK4_334_346,SBK MEKK1 AMPKA2 MLK4 HIPK3 ASK3 CDKL2 AAK1 MLK3 SSTK CDKL1 MPSK1 TSSK2 NUAK1 PKD3 MAPKAPK3 NUAK2 BIKE DSTYK SRPK3 CDKL5 WNK1 TSSK1 CAMK1B ASK1 ERK7 YSK4 AMPKA1 TAO3 BRSK1 PLK2 MLK1 MEKK2 BRSK2 AKT2 CAMK1A OSR1 WNK4 PKD1 EEF2K MAPKAPK5 MAPKAPK2 NEK9 DNAPK CAMK1D RSK2 MINK BRAF SIK COT
STK6_283_295,ERK7 DAPK1 IRE2 DAPK3 MLK1 AURA MLK4 PAK4 CAMK2G SRPK1 DAPK2 SBK NEK9 PKCI PKCE CDK6 PDHK4 caMLCK CLK4 PKCT CDK10 MSK1 NUAK2 DYRK3 CITRON PKCZ skMLCK PKCH SGK3 AKT1 ROCK1 PKCG PLK3 ICK PKN1 DCAMKL1 PKG2 PLK2 SRPK2 CLK3 PHKG2 MLK2 COT PKCD PKN2 MARK1 YANK3 MLK3 CLK1 PDK1 WNK4 NEK6 PINK1 SRPK3 WNK1 PKCA SGK1 WNK2 MRCKB
SV2A_36_48,MOK DYRK3 SRPK1 HIPK4 CAMK1D CLK3 MAPKAPK3 BMPR1B HIPK1 DYRK2 ALK1 CAMK1A TLK2 ACVR2A CDKL2 ALK7 PKCT PIM2 GRK2 PKCI PKD3 CK1G1 BMPR1A GRK3 PKCE BRSK1 ACVR2B MTOR SRPK2 GRK4 RSK2 SGK1 HIPK3 ALK2 SRPK3 SBK MOS IRE1 PKCZ CK1E AKT1 ALK4 MAPKAPK2 PKCG DYRK1B RSK1 TGFBR1 PINK1 CAMK1G AKT2 CDKL1 DSTYK COT AMPKA2 RIPK1 RSK3 BRSK2 WNK4 DYRK4 PKCH PKCB YSK4 MSK2 HIPK2
TAU_524_536,RSK4 P38D P38B CDK14 CDK1 IRE1 DYRK2 HIPK2 JNK2 DYRK4 PKD1 MAPKAPK2 P38G DYRK1B SRPK1 DYRK3 PKD2 CDK17 CDK18 PIM3 MAK MOK SBK JNK3 CDK10 CDK4 CDK16 HIPK4 CDK15 SRPK2 HIPK1 JNK1 CDK5 CDK6 CDK7 WNK2 ERK1 HIPK3 SRPK3 P38A ERK2 MAPKAPK3 LATS2 WNK1 ERK5 CDK12 ICK PRKX PRP4 NDR2 MPSK1 COT CAMK2A MNK2 CLK2 RSK2 CLK3 SGK1 TLK2 PKN3 CDK13 LATS1 NLK HASPIN PIM2 CITRON
TOP2A_1463_1475,ACVR2B CK2A1 CK2A2 ACVR2A TSSK3 FAM20C BMPR1B BMPR1A MAK RSK4 PRKX TGFBR1 ALK1 MOK PIM1 PASK MOS S6K1 CAMK2A PLK1 GRK5 GRK4 SGK1 PLK3 MAPKAPK2 COT RSK3 PLK2 RSK1 NDR2 PIM2 MRCKA LATS1 DSTYK NDR1 BMPR2 NEK6 RSK2 LATS2 TLK1 CAMK1A ALK2 PIM3 CAMK2B PKD2 ALK4 TGFBR2 ATM AMPKA2 AKT3
TPH2_10_22,STK33 IRE2 CAMK2B DSTYK CAMK2D PLK2 CAMK2A CK2A2 PKCZ GRK1 SRPK3 SBK CK2A1 SRPK1 PRKX RSK4 MEKK1 SRPK2 MAPKAPK2 MLK2 CDKL2 DNAPK AKT2 LATS2 FAM20C IRAK4 RSK1 AKT1 PLK3 IRE1 LATS1 LKB1 RSK3 NDR2 PKACB RSK2 CLK4 MYLK4 MAPKAPK3 RIPK3 SGK3 CLK2 TRPM6 CDKL1 PLK1 DCAMKL1 HASPIN WNK2 TRPM7 NEK6 CK1E caMLCK PKD2 PDHK4 S6K2 IKKE CLK1 DLK
TRPM7_1466_1478,SBK EEF2K CDC7 TSSK3 ALK7 TAO3 PKD1 MOS CHK1 PIM3 NUAK2 SIK MST2 PKG1 CK1D PLK2 GRK5 MELK CAMK1D ATM TGFBR2 AMPKA2 PKN1 CDKL2 ALK1 ALPHAK3 PLK3 MLK4 ACVR2B MAPKAPK3 ANKRD3 PKD3 TSSK2 GRK1 LKB1 CAMK1A TSSK1 MYLK4 AKT1 SSTK AMPKA1 PAK6 WNK1 BMPR1B MEKK1 ALK2 NDR2 WNK3 AKT2 DSTYK CAMK1B BUB1 NEK8 MST1 ALK4 CAMK4 CHK2 MLK1 PKN2 SLK MLK3
TRPM7_1498_1510,BUB1 TGFBR1 ERK7 MAK ACVR2B MOK HIPK3 SBK HIPK4 CAMK2A NEK2 PLK2 ALK4 TSSK4 TLK1 MSK1 RSK4 PLK3 TSSK3 ACVR2A CAMK2B PKCI DAPK1 ALPHAK3 BMPR2 GRK4 PKCA CK1G2 MAPKAPK2 PLK1 MSK2 CLK2 PIM1 PKG2 DSTYK CDKL5 WNK3 CLK4 PIM2 RSK2 TLK2 IRE1 PERK MST2 PIM3 PKD3 MOS PKD2 PKD1 OSR1 SGK1 DYRK4 CK2A2 PHKG1 BMPR1B RSK1
TY3H_65_77,MSK1 AURA MSK2 PKACA SGK1 PAK4 PRKX SBK RSK2 PAK6 PKACB MAPKAPK2 RSK1 PAK1 PAK5 MYLK4 MNK2 skMLCK AURB MRCKB SGK3 PAK2 RSK4 CAMK1D MRCKA AKT1 PKACG PKG2 CAMK2B DAPK1 CLK4 CAMK1A CAMK4 PAK3 MAPKAPK3 AKT2 PKG1 CAMK2A caMLCK TSSK2 RSK3 GRK6 AURC
UBP16_546_558,CDK6 BUB1 TRPM7 CDK5 CHK1 IKKA CDK4 CK1G3 TSSK2 CDK12 ALK4 PKN3 CAMKK1 CDK13 CAMK1G CDK1 SMG1 CDK2 ACVR2A PKR
VASP_150_162,PAK6 PKD2 MAPKAPK2 AURA AURB MRCKB AKT2 PKG2 RSK2 PAK5 AURC SBK PKD3 PKACA PKD1 SGK1 PAK4 PKG1 PKACB MAPKAPK3 PRKX CHK2 DAPK1 MSK2 PAK1 MNK2 S6K2 AKT1 AKT3 RSK3 MSK1 CAMK1D caMLCK PIM1 S6K1 CAMK1A PKACG MRCKA DYRK3 ROCK2
VASP_232_244,RSK2 PRKX PKACA PKACB RSK4 SGK1 PIM1 PIM2 PKG2 S6K2 PKACG CAMK1D RSK1 CAMK1G S6K1 skMLCK SGK3 CAMK1B PKG1 MYLK4 PASK MAPKAPK2 MAPKAPK3 PIM3 GSK3A MSK1 PKD2 AKT2 RSK3 PAK1
VASP_271_283,SGK1 CITRON ROCK2 ROCK1 DMPK1 MRCKB MRCKA SGK3 RSK2 AKT2 AKT3 RSK4 PKACA DAPK1 S6K2 PASK S6K1 skMLCK PIM2 CAMK1D AKT1 RSK1 SBK DAPK3 PRKX PKACB PKG2 PKACG TSSK3 PBK DCAMKL1 CAMK1A MSK1 PIM1 PKG1 CLK2 RSK3 MNK1 smMLCK MYLK4 DYRK3 PAK1 PKD3 MOK TSSK4 MNK2
VIME_28_40,ERK7 SBK PBK MNK2 BRSK1 TLK1 SRPK3 MAPKAPK5 CAMK2D RSK3 CAMK2B BUB1 WNK4 DCAMKL1 MPSK1 DNAPK CK1G2 MELK COT MLK2 CAMK2A BRSK2 DCAMKL2 IKKA MSK2 PLK1 MTOR IRAK4 PKD3 SRPK2 IRAK1 RIPK1 PAK5 ULK2 VRK2 GRK7 WNK3 PAK6 MAPKAPK2 CDKL2 GCN2 SGK3 CHK2 CDKL1 PAK4 SGK1 PHKG2 WNK1 RSK1 PKR MAPKAPK3 BCKDK ULK3 TTBK2 AKT1 TBK1 PKCA PAK3 PIM2 RSK2
VTNC_390_402,PRKX DYRK3 ERK7 RSK2 MLK2 HIPK2 HIPK1 SGK1 GCN2 NEK9 RSK1 PAK5 PAK4 MRCKA skMLCK HIPK4 MLK4 SRPK2 AURB AKT1 HIPK3 PINK1 PKG2 SGK3 CLK2 MSK1 AKT3 AURC PKACA PAK6 CLK4 DMPK1 PAK2 MYLK4 DAPK1 MLK1 AKT2 PKACG PAK3 CLK3 DAPK3 MSK2 AURA LKB1 caMLCK DYRK2 TLK1 MOK PERK CITRON ROCK1 SRPK1 PKD2 PKCT PKCB HRI DLK DAPK2 NEK6 PIM1 PKD3
XPO1_1049_1061,MAPKAPK5 MAPKAPK2 MAPKAPK3 LATS2 NDR2 S6K1 CAMK1D RSK3 PKD2 AMPKA2 CAMK1A PKD3 CLK4 NDR1 SGK1 CLK1 SBK PKACA CHK2 TSSK3 LATS1 AMPKA1 PHKG1 PKG1 PASK RSK1 PKACG MRCKB PKD1 RSK2 MRCKA CAMK2D AKT2 AKT3 SIK DCAMKL1 PIM1 AKT1 CITRON PKG2 CAMK2A PKACB S6K2 PIM2
YAP1_374_386,CAMK2A CDC7 BCKDK AMPKA1 PKD1 MOS SBK CAMK2B CAMK1D GCN2 ACVR2B DNAPK CDKL1 CAMK2G ALK1 NDR2 CDKL2 PKD3 ATM QSK PINK1 PKD2 SIK LATS2 MAPKAPK5 MAPKAPK3 PDHK1 MARK2 PDHK4 CHK2 CAMK1B MARK4 PIM2 DAPK2 BRSK1 NEK3 caMLCK CHK1 NUAK1 PDK1 S6K2 NEK1 TLK2 BRSK2 CITRON MELK
