Substrates,Kin
ABL1_729_741,CK1
ABL1_729_741,STKR
ABL1_729_741,COT
ABL1_729_741,RIPK
ABL1_729_741,SLK
ABL1_729_741,GRK
ABL1_729_741,DYRK
ABL1_729_741,MOS
ABL1_729_741,ULK
ABL1_729_741,CLK
ABL1_729_741,STE11
ABL1_729_741,DAPK
ABL1_729_741,MLK
ABL1_729_741,TAO
ABL1_729_741,PIM
ACM1_444_456,ERK
ACM1_444_456,CDK
ACM1_444_456,CLK
ACM1_444_456,RSK
ACM1_444_456,PKCA
ACM1_444_456,PKCH
ACM1_444_456,AKT
ACM1_444_456,DYRK
ACM1_444_456,P38
ACM1_444_456,PKCD
ACM1_444_456,NDR
ACM1_444_456,SGK
ACM1_444_456,MAPKAPK
ACM1_444_456,PKN
ACM1_444_456,PKCI
ACM1_444_456,PIM
ACM4_456_468,PKCH
ACM4_456_468,PKCI
ACM4_456_468,NEK
ACM4_456_468,PKCD
ACM4_456_468,PKN
ACM4_456_468,PKCA
ACM4_456_468,SGK
ACM4_456_468,DAPK
ACM4_456_468,SLK
ACM4_456_468,KHS
ACM4_456_468,QIK
ACM4_456_468,PDK1
ACM4_456_468,TAO
ACM4_456_468,WNK
ACM4_456_468,MELK
ACM4_456_468,ERK
ACM4_456_468,IRAK
ACM4_456_468,STE11
ACM4_456_468,CDK
ADDB_696_708,CDK
ADDB_696_708,DYRK
ADDB_696_708,PKD
ADDB_696_708,NDR
ADDB_696_708,PKN
ADDB_696_708,P38
ADDB_696_708,PHK
ADDB_696_708,PKCI
ADDB_696_708,ERK
ADDB_696_708,CLK
ADDB_696_708,PIM
ADDB_696_708,PKCA
ADDB_696_708,MLK
ADDB_696_708,NMO
ADDB_696_708,CAMK1
ADDB_706_718,NEK
ADDB_706_718,CDK
ADDB_706_718,AKT
ADDB_706_718,DYRK
ADDB_706_718,ERK
ADDB_706_718,P38
ADDB_706_718,PKN
ADDB_706_718,JNK
ADDB_706_718,RSK
ADDB_706_718,CAMK1
ADDB_706_718,CLK
ADDB_706_718,PKCH
ADDB_706_718,PIM
ADDB_706_718,PKCA
ADDB_706_718,PKCI
ADDB_706_718,NUAK
ADDB_706_718,PKCD
ADDB_706_718,SGK
ADDB_706_718,NMO
ADDB_706_718,PKG
ADDB_706_718,QIK
ADDB_706_718,PKA
ADDB_706_718,PKD
ADRB2_338_350,PKN
ADRB2_338_350,PKCH
ADRB2_338_350,CLK
ADRB2_338_350,PKCI
ADRB2_338_350,PAKB
ADRB2_338_350,PKG
ADRB2_338_350,PKCD
ADRB2_338_350,AUR
ADRB2_338_350,AKT
ADRB2_338_350,SGK
ADRB2_338_350,PKD
ADRB2_338_350,MAPKAPK
ADRB2_338_350,RSK
ADRB2_338_350,WNK
ADRB2_338_350,PAKA
ADRB2_338_350,PKCA
ADRB2_338_350,RAD53
ADRB2_338_350,DMPK
ADRB2_338_350,ULK
ADRB2_338_350,PHK
ADRB2_338_350,PKA
ADRB2_338_350,MLCK
ADRB2_338_350,CAMK1
ADRB2_338_350,DAPK
AMOT_744_756,DMPK
AMOT_744_756,KHS
AMOT_744_756,MLK
AMOT_744_756,AKT
AMOT_744_756,PDK1
AMOT_744_756,RAF
AMOT_744_756,STE11
AMOT_744_756,SLK
AMOT_744_756,IKK
AMOT_744_756,PKCD
AMOT_744_756,PKN
AMOT_744_756,MSN
AMOT_744_756,RAD53
AMOT_744_756,RSK
AMOT_744_756,TAO
AMOT_744_756,SGK
AMOT_744_756,STE7
AMOT_744_756,PAKA
AMOT_744_756,FRAY
AMOT_744_756,NEK
ANDR_785_797,PIM
ANDR_785_797,ATM
ANDR_785_797,RSK
ANDR_785_797,MLCK
ANDR_785_797,MAPKAPK
ANDR_785_797,PRKDC
ANDR_785_797,CAMK1
ANDR_785_797,DAPK
ANDR_785_797,SGK
ANDR_785_797,CAMK2
ANDR_785_797,DMPK
ANDR_785_797,ATR
ANDR_785_797,RIPK
ANDR_785_797,PKD
ANDR_785_797,RAD53
ANDR_785_797,AKT
ANDR_785_797,PAKA
ANXA1_209_221,SGK
ANXA1_209_221,QIK
ANXA1_209_221,DAPK
ANXA1_209_221,DMPK
ANXA1_209_221,PKA
ANXA1_209_221,PASK
ANXA1_209_221,CAMK1
ANXA1_209_221,AKT
ARHG2_166_178,IKK
ARHG2_166_178,RAF
ARHG2_166_178,CAMK1
ARHG2_166_178,STKR
ARHG2_166_178,PKD
ARHG2_166_178,NAK
ARHG2_166_178,PDK1
ARHG2_166_178,PDHK
ARHG2_166_178,RAD53
ARHG2_166_178,STE7
ARHG2_166_178,CAMK2
ARHG2_166_178,RSK
ARHG2_166_178,MST
ARHG2_166_178,N
ARHG2_166_178,MAPKAPK
ARHG2_166_178,PRKDC
ARHG2_166_178,CHK1
ARHG2_166_178,RIPK
ARHG2_166_178,ATM
ARHG2_166_178,PLK
ARHG2_166_178,TLK
ARHG2_166_178,MELK
ARHG2_166_178,AMPK
ARHG2_166_178,DAPK
ARHG2_166_178,VRK2
ART_025_CXGLRRWSLGGLRRWSL,PKG
ART_025_CXGLRRWSLGGLRRWSL,PKA
ART_025_CXGLRRWSLGGLRRWSL,AUR
ART_025_CXGLRRWSLGGLRRWSL,PAKB
ART_025_CXGLRRWSLGGLRRWSL,AKT
ART_025_CXGLRRWSLGGLRRWSL,RSK
ART_025_CXGLRRWSLGGLRRWSL,SGK
ART_025_CXGLRRWSLGGLRRWSL,DMPK
ART_025_CXGLRRWSLGGLRRWSL,CLK
ART_025_CXGLRRWSLGGLRRWSL,PAKA
ART_025_CXGLRRWSLGGLRRWSL,DYRK
ART_025_CXGLRRWSLGGLRRWSL,MLCK
ART_025_CXGLRRWSLGGLRRWSL,DAPK
ART_025_CXGLRRWSLGGLRRWSL,RAD53
ART_025_CXGLRRWSLGGLRRWSL,PKN
ART_025_CXGLRRWSLGGLRRWSL,PHK
ART_025_CXGLRRWSLGGLRRWSL,WNK
ART_025_CXGLRRWSLGGLRRWSL,CAMK1
ART_025_CXGLRRWSLGGLRRWSL,MAPKAPK
ART_025_CXGLRRWSLGGLRRWSL,PKD
BAD_112_124,N
BAD_112_124,AUR
BAD_112_124,RSK
BAD_112_124,DAPK
BAD_112_124,GRK
BAD_112_124,PKA
BAD_112_124,CK1
BAD_112_124,MLCK
BAD_112_124,IKK
BAD_112_124,CAMK1
BAD_112_124,NEK
BAD_112_124,PLK
BAD_112_124,CLK
BAD_112_124,RAF
BAD_112_124,SGK
BAD_112_124,CAMK
BAD_112_124,AKT
BAD_112_124,DYRK
BAD_69_81,MOS
BAD_69_81,CK1
BAD_69_81,STKR
BAD_69_81,PIM
BAD_69_81,DYRK
BAD_69_81,IRAK
BAD_69_81,STE11
BAD_69_81,PAKA
BAD_69_81,PKA
BAD_69_81,RSK
BAD_69_81,PKD
BAD_69_81,CK2
BAD_69_81,CAMK
BAD_69_81,SGK
BAD_69_81,MLK
BAD_69_81,MST
BAD_69_81,AMPK
BAD_69_81,RAD53
BAD_69_81,CLK
BAD_69_81,NDR
BAD_69_81,PEK
BAD_69_81,PAKB
BAD_69_81,DMPK
BAD_69_81,MAPKAPK
BAD_69_81,DAPK
BAD_69_81,QIK
BAD_69_81,AUR
BAD_69_81,CAMK1
BAD_93_105,DYRK
BAD_93_105,WNK
BAD_93_105,PKD
BAD_93_105,MAPKAPK
BAD_93_105,RSK
BAD_93_105,CLK
BAD_93_105,AKT
BAD_93_105,SGK
BAD_93_105,PKA
BAD_93_105,AUR
BAD_93_105,RAD53
BAD_93_105,PIM
BAD_93_105,PKCI
BAD_93_105,CAMK1
BAD_93_105,PAKA
BAD_93_105,DMPK
BAD_93_105,MELK
BCKD_45_57,STKR
BCKD_45_57,PRKDC
BCKD_45_57,COT
BCKD_45_57,PDHK
BCKD_45_57,SGK
BCKD_45_57,MTOR
BCKD_45_57,DMPK
BCKD_45_57,N
BCKD_45_57,NEK
BCKD_45_57,CK1
BCKD_45_57,DYRK
BCKD_45_57,RAD53
BCKD_45_57,PASK
BCKD_45_57,PLK
BCKD_45_57,MLCK
BCKD_45_57,CAMK2
BCKD_45_57,ATM
BCKD_45_57,CLK
BCKD_45_57,RSK
BCKD_45_57,PKN
BCKD_45_57,PKD
BCKD_45_57,ATR
BCKD_45_57,MELK
BCKD_45_57,NIK
BCKD_45_57,CAMK1
BCKD_45_57,PEK
BCKD_45_57,BARK2
BCKD_45_57,MLK
BCKD_45_57,WNK
BCKD_45_57,DAPK
BCKD_45_57,AMPK
BUB1_207_219,RAD53
BUB1_207_219,SGK
BUB1_207_219,CK1
BUB1_207_219,DMPK
BUB1_207_219,STKR
BUB1_207_219,GRK
BUB1_207_219,CLK
BUB1_207_219,MOS
BUB1_207_219,WNK
BUB1_207_219,AKT
BUB1_207_219,MLCK
BUB1_207_219,PAKB
BUB1_207_219,PDK1
BUB1_207_219,MLK
C1R_201_213,ERK
C1R_201_213,GRK
C1R_201_213,PRKDC
C1R_201_213,CDK
C1R_201_213,CK2
C1R_201_213,PLK
C1R_201_213,IKK
C1R_201_213,PAKA
C1R_201_213,N
C1R_201_213,CAMK2
C1R_201_213,CK1
C1R_201_213,PIM
C1R_201_213,WNK
C1R_201_213,DAPK
C1R_201_213,RIPK
C1R_201_213,BUD32
C1R_201_213,ATM
C1R_201_213,ULK
C1R_201_213,RAF
C1R_201_213,PDHK
C2TA_282_294,DYRK
C2TA_282_294,PKN
C2TA_282_294,P38
C2TA_282_294,CDK
C2TA_282_294,NEK
C2TA_282_294,JNK
C2TA_282_294,MLK
C2TA_282_294,FRAY
C2TA_282_294,NDR
C2TA_282_294,CLK
C2TA_282_294,MST
C2TA_282_294,WNK
C2TA_282_294,STKR
C2TA_282_294,CK1
C2TA_282_294,RIPK
C2TA_282_294,STE11
C2TA_282_294,ERK
C2TA_282_294,CAMK2
C2TA_282_294,VRK2
C2TA_282_294,PASK
C2TA_282_294,SGK
CAC1C_1974_1986,RSK
CAC1C_1974_1986,KHS
CAC1C_1974_1986,CAMK1
CAC1C_1974_1986,MSN
CAC1C_1974_1986,AKT
CAC1C_1974_1986,MLCK
CAC1C_1974_1986,PKD
CAC1C_1974_1986,AUR
CAC1C_1974_1986,CDK
CAC1C_1974_1986,PKN
CAC1C_1974_1986,NEK
CAC1C_1974_1986,PAKA
CAC1C_1974_1986,RAD53
CAC1C_1974_1986,PKCI
CAC1C_1974_1986,PHK
CAC1C_1974_1986,PKA
CAC1C_1974_1986,PEK
CAC1C_1974_1986,N
CAC1C_1974_1986,MAPKAPK
CAC1C_1974_1986,CAMK2
CAC1C_1974_1986,PKCH
CAC1C_1974_1986,TAO
CAC1C_1974_1986,DAPK
CAC1C_1974_1986,PKCD
CAC1C_1974_1986,PAKB
CAC1C_1974_1986,CLK
CCR5_330_342,RAD53
CCR5_330_342,CLK
CCR5_330_342,AKT
CCR5_330_342,NAK
CCR5_330_342,BRSK
CCR5_330_342,AUR
CCR5_330_342,MAPKAPK
CCR5_330_342,SGK
CCR5_330_342,CK1
CCR5_330_342,PAKA
CCR5_330_342,PDHK
CCR5_330_342,RSK
CCR5_330_342,LKB
CCR5_330_342,COT
CCR5_330_342,TLK
CCR5_330_342,DYRK
CCR5_330_342,PLK
CCR5_330_342,PKCD
CCR5_330_342,GRK
CCR5_330_342,MLK
CCR5_330_342,MLCK
CCR5_330_342,PKD
CCR5_330_342,PKCH
CCR5_330_342,IRAK
CCR5_330_342,QIK
CCR5_330_342,PKCA
CCR5_330_342,RAF
CCR5_330_342,ATR
CD27_212_224,CAMK2
CD27_212_224,DMPK
CD27_212_224,PKD
CD27_212_224,PIM
CD27_212_224,PKN
CD27_212_224,STKR
CD27_212_224,WNK
CD27_212_224,RSK
CD27_212_224,NEK
CD27_212_224,PKA
CD27_212_224,SLK
CD27_212_224,CLK
CD27_212_224,PKCI
CD27_212_224,MAPKAPK
CD27_212_224,PKCH
CD27_212_224,PKCA
CD27_212_224,NDR
CD27_212_224,BUD32
CD27_212_224,SGK
CD27_212_224,CK2
CD27_212_224,PAKA
CD27_212_224,COT
CD27_212_224,CK1
CD27_212_224,AUR
CD27_212_224,AKT
CDC2_154_169,CK1
CDC2_154_169,PLK
CDC2_154_169,DMPK
CDC2_154_169,TLK
CDC2_154_169,CAMK1
CDC2_154_169,DAPK
CDC2_154_169,STE11
CDC2_154_169,BARK1
CDK7_163_175,CDK
CDK7_163_175,DAPK
CDK7_163_175,CLK
CDK7_163_175,MLCK
CDK7_163_175,DMPK
CDK7_163_175,RAD53
CDK7_163_175,PEK
CDK7_163_175,CAMK1
CDK7_163_175,STE11
CDK7_163_175,P38
CDK7_163_175,PASK
CDK7_163_175,PDK1
CDK7_163_175,JNK
CDK7_163_175,IRAK
CDK7_163_175,MAPKAPK
CDK7_163_175,ERK
CDK7_163_175,VRK1
CDK7_163_175,MELK
CDN1A_139_151,STKR
CDN1A_139_151,SGK
CDN1A_139_151,DMPK
CDN1A_139_151,CAMK1
CDN1A_139_151,RSK
CDN1A_139_151,DAPK
CDN1A_139_151,PKA
CDN1A_139_151,PIM
CDN1A_139_151,MLCK
CDN1A_139_151,CK2
CDN1A_139_151,AKT
CDN1A_139_151,AMPK
CDN1A_139_151,PKD
CDN1A_139_151,CLK
CDN1A_139_151,MELK
CDN1A_139_151,NDR
CDN1A_139_151,PASK
CDN1A_139_151,RAD53
CDN1A_139_151,PAKA
CDN1A_139_151,MAPKAPK
CDN1A_139_151,PKG
CDN1A_139_151,BRSK
CDN1A_139_151,CAMK2
CENPA_1_14,PKA
CENPA_1_14,CLK
CENPA_1_14,DYRK
CENPA_1_14,AUR
CENPA_1_14,PAKA
CENPA_1_14,PKCH
CENPA_1_14,PKCA
CENPA_1_14,SGK
CENPA_1_14,DMPK
CENPA_1_14,PKCI
CENPA_1_14,PKG
CENPA_1_14,AKT
CENPA_1_14,RSK
CENPA_1_14,PKCD
CENPA_1_14,MAPKAPK
CENPA_1_14,MLCK
CENPA_1_14,PAKB
CFTR_730_742,AUR
CFTR_730_742,RSK
CFTR_730_742,PKA
CFTR_730_742,PKD
CFTR_730_742,PAKB
CFTR_730_742,CLK
CFTR_730_742,CK2
CFTR_730_742,MAPKAPK
CFTR_730_742,RAD53
CFTR_730_742,AKT
CFTR_730_742,CAMK1
CFTR_730_742,CK1
CFTR_730_742,SGK
CFTR_730_742,DMPK
CFTR_730_742,PAKA
CFTR_730_742,ERK
CFTR_730_742,PKG
CFTR_730_742,MLK
CFTR_761_773,PKG
CFTR_761_773,AKT
CFTR_761_773,QIK
CFTR_761_773,PKA
CFTR_761_773,MLCK
CFTR_761_773,SGK
CFTR_761_773,DYRK
CFTR_761_773,RSK
CFTR_761_773,CLK
CFTR_761_773,AMPK
CFTR_761_773,AUR
CFTR_761_773,PAKA
CFTR_761_773,CAMK1
CFTR_761_773,BRSK
CFTR_761_773,DMPK
CFTR_761_773,DAPK
CFTR_761_773,MELK
CFTR_761_773,PAKB
CGHB_109_121,DAPK
CGHB_109_121,SGK
CGHB_109_121,RSK
CGHB_109_121,PASK
CGHB_109_121,RAD53
CGHB_109_121,DYRK
CGHB_109_121,CAMK1
CGHB_109_121,AKT
CGHB_109_121,DMPK
CGHB_109_121,CAMK2
CGHB_109_121,CAMK
CGHB_109_121,CLK
CGHB_109_121,PAKB
CGHB_109_121,MOS
CGHB_109_121,PKA
CGHB_109_121,AUR
CGHB_109_121,CHK1
CGHB_109_121,NEK
CGHB_109_121,GRK
CGHB_109_121,CK1
CGHB_109_121,PKD
CGHB_109_121,PIM
CGHB_109_121,MLCK
CGHB_109_121,PAKA
CO4A3_1429_1441,P38
CO4A3_1429_1441,STE11
CO4A3_1429_1441,PIM
CO4A3_1429_1441,CDK
CO4A3_1429_1441,TAO
CO4A3_1429_1441,MLK
CO4A3_1429_1441,PKD
CO4A3_1429_1441,KHS
CO4A3_1429_1441,JNK
CO4A3_1429_1441,RSK
CO4A3_1429_1441,CLK
CO4A3_1429_1441,DYRK
CO4A3_1429_1441,SGK
CO4A3_1429_1441,ERK
CO4A3_1429_1441,PKA
CO4A3_1429_1441,MAPKAPK
CO4A3_1429_1441,MST
CO4A3_1429_1441,NEK
CO4A3_1429_1441,NDR
CO4A3_1429_1441,STE7
CO4A3_1429_1441,VRK1
COF1_17_29,DYRK
COF1_17_29,MAPKAPK
COF1_17_29,PKA
COF1_17_29,PIM
COF1_17_29,RSK
COF1_17_29,CLK
COF1_17_29,CAMK2
COF1_17_29,PKG
COF1_17_29,PKD
COF1_17_29,AUR
COF1_17_29,PAKA
COF1_17_29,SGK
COF1_17_29,DMPK
COF1_17_29,PASK
COF1_17_29,CAMK1
CREB1_126_138,PKN
CREB1_126_138,CAMK1
CREB1_126_138,PKCH
CREB1_126_138,RAD53
CREB1_126_138,CK1
CREB1_126_138,MAPKAPK
CREB1_126_138,PEK
CREB1_126_138,PKCI
CREB1_126_138,RSK
CREB1_126_138,PKD
CREB1_126_138,AKT
CREB1_126_138,NUAK
CREB1_126_138,PHK
CREB1_126_138,PKCD
CREB1_126_138,CLK
CREB1_126_138,NEK
CREB1_126_138,SGK
CREB1_126_138,MLK
CREB1_126_138,PKG
CREB1_126_138,PIM
CREB1_126_138,PKCA
CREB1_126_138,QIK
CREB1_126_138,PKA
CSF1R_701_713,AUR
CSF1R_701_713,MLCK
CSF1R_701_713,CAMK1
CSF1R_701_713,AKT
CSF1R_701_713,RSK
CSF1R_701_713,RAD53
CSF1R_701_713,PKA
CSF1R_701_713,DAPK
CSF1R_701_713,SGK
CSF1R_701_713,DYRK
CSF1R_701_713,PKN
CSF1R_701_713,CLK
CSF1R_701_713,PKG
CSF1R_701_713,CAMK2
CSF1R_701_713,PAKB
CSF1R_701_713,PIM
CSF1R_701_713,MAPKAPK
CSF1R_701_713,DMPK
DESP_2842_2854,CDK
DESP_2842_2854,RSK
DESP_2842_2854,PLK
DESP_2842_2854,CAMK2
DESP_2842_2854,STKR
DESP_2842_2854,DYRK
DESP_2842_2854,NAK
DESP_2842_2854,AKT
DESP_2842_2854,PIM
DESP_2842_2854,PKCH
DESP_2842_2854,CLK
DESP_2842_2854,PKCI
DESP_2842_2854,PKCA
DESP_2842_2854,PKA
DESP_2842_2854,VRK2
DESP_2842_2854,CAMK1
DESP_2842_2854,PKCD
DESP_2842_2854,SGK
DESP_2842_2854,PRKDC
DESP_2842_2854,PKN
DESP_2842_2854,N
DESP_2842_2854,ERK
DESP_2842_2854,MST
DESP_2842_2854,WNK
E2AK2_450_462,DYRK
E2AK2_450_462,KHS
E2AK2_450_462,PLK
E2AK2_450_462,MST
E2AK2_450_462,IKK
E2AK2_450_462,BARK2
E2AK2_450_462,CDK
E2AK2_450_462,CK1
E2AK2_450_462,NEK
E2AK2_450_462,BARK1
E2AK2_450_462,STKR
E2AK2_450_462,TAO
E2AK2_450_462,CLK
E2AK2_450_462,STE11
E2AK2_450_462,WNK
E2AK2_450_462,NMO
E2AK2_450_462,MSN
EPB42_241_253,QIK
EPB42_241_253,PKA
EPB42_241_253,SGK
EPB42_241_253,AKT
EPB42_241_253,CLK
EPB42_241_253,PKG
EPB42_241_253,MLCK
EPB42_241_253,RSK
EPB42_241_253,DMPK
EPB42_241_253,PAKB
EPB42_241_253,AUR
EPB42_241_253,AMPK
EPB42_241_253,DAPK
EPB42_241_253,DYRK
EPB42_241_253,PAKA
ERBB2_679_691,PKN
ERBB2_679_691,DMPK
ERBB2_679_691,PIM
ERBB2_679_691,SGK
ERBB2_679_691,AKT
ERBB2_679_691,PKCH
ERBB2_679_691,PKCI
ERBB2_679_691,PHK
ERBB2_679_691,SLK
ERBB2_679_691,KHS
ERBB2_679_691,TAO
ERBB2_679_691,PKCD
ERBB2_679_691,PKG
ERBB2_679_691,RAD53
ERBB2_679_691,CLK
ERBB2_679_691,RSK
ERBB2_679_691,MLCK
ERBB2_679_691,NUAK
ERBB2_679_691,PASK
ERBB2_679_691,CAMK1
ERBB2_679_691,PKCA
ERBB2_679_691,WNK
ERBB2_679_691,QIK
ERF_519_531,PKG
ERF_519_531,ERK
ERF_519_531,CDK
ERF_519_531,AUR
ERF_519_531,PKA
ERF_519_531,P38
ERF_519_531,MLCK
ERF_519_531,RSK
ERF_519_531,DYRK
ERF_519_531,CLK
ERF_519_531,AKT
ERF_519_531,SGK
ERF_519_531,NMO
ERF_519_531,PAKB
ERF_519_531,PAKA
ERF_519_531,JNK
ERF_519_531,MAPKAPK
ESR1_160_172,MAPKAPK
ESR1_160_172,RSK
ESR1_160_172,NAK
ESR1_160_172,MSN
ESR1_160_172,AKT
ESR1_160_172,CAMK2
ESR1_160_172,PIM
ESR1_160_172,TLK
ESR1_160_172,NEK
ESR1_160_172,PKD
ESR1_160_172,KHS
ESR1_160_172,SGK
ESR1_160_172,PASK
ESR1_160_172,NUAK
ESR1_160_172,IKK
ESR1_160_172,CAMK1
ESR1_160_172,BRSK
ESR1_160_172,DMPK
ESR1_160_172,RAD53
ESR1_160_172,QIK
ESR1_160_172,GRK
ESR1_160_172,MST
EZH2_305_317,TAO
EZH2_305_317,KHS
EZH2_305_317,PLK
EZH2_305_317,MSN
EZH2_305_317,RSK
EZH2_305_317,CAMK1
EZH2_305_317,AMPK
EZH2_305_317,DAPK
EZH2_305_317,PKCD
EZH2_305_317,PKCA
EZH2_305_317,PKCI
EZH2_305_317,PKA
EZH2_305_317,MLK
EZH2_305_317,MST
EZH2_305_317,STE11
EZH2_305_317,SLK
EZH2_305_317,MELK
EZH2_305_317,NEK
EZH2_305_317,QIK
EZH2_305_317,PEK
EZH2_305_317,PIM
EZH2_305_317,MLCK
F263_454_466,CAMK1
F263_454_466,PKD
F263_454_466,RAD53
F263_454_466,JNK
F263_454_466,PKA
F263_454_466,PKG
F263_454_466,CLK
F263_454_466,RSK
F263_454_466,DYRK
F263_454_466,CDK
F263_454_466,ERK
F263_454_466,AKT
F263_454_466,MAPKAPK
F263_454_466,P38
F263_454_466,NMO
F263_454_466,QIK
F263_454_466,SGK
F263_454_466,PAKB
F263_454_466,MLCK
F263_454_466,AUR
FIBA_569_581,MAPKAPK
FIBA_569_581,PKCD
FIBA_569_581,BARK2
FIBA_569_581,PKCI
FIBA_569_581,RSK
FIBA_569_581,PKCA
FIBA_569_581,BARK1
FIBA_569_581,PKD
FIBA_569_581,WNK
FIBA_569_581,NUAK
FIBA_569_581,PKCH
FIBA_569_581,IRAK
FIBA_569_581,SGK
FIBA_569_581,MELK
FIBA_569_581,NDR
FIBA_569_581,MLK
FIBA_569_581,NAK
FIBA_569_581,AKT
FIBA_569_581,PHK
FIBA_569_581,PAKA
FIBA_569_581,PKA
FIBA_569_581,PKN
FIBA_569_581,CLK
FIBA_569_581,PIM
FIBA_569_581,RIPK
FIBA_569_581,COT
FNIP1_934_946,CAMK2
FNIP1_934_946,STKR
FNIP1_934_946,NEK
FNIP1_934_946,NDR
FNIP1_934_946,ERK
FNIP1_934_946,GRK
FNIP1_934_946,N
FNIP1_934_946,PDK1
FNIP1_934_946,PIM
FNIP1_934_946,MOS
FNIP1_934_946,CK1
FNIP1_934_946,RSK
FNIP1_934_946,PDHK
FNIP1_934_946,MAPKAPK
FNIP1_934_946,RIPK
FNIP1_934_946,PASK
FNIP1_934_946,CK2
FOXO3_25_37,CLK
FOXO3_25_37,DYRK
FOXO3_25_37,PKCI
FOXO3_25_37,NEK
FOXO3_25_37,WNK
FOXO3_25_37,RSK
FOXO3_25_37,PAKA
FOXO3_25_37,PIM
FOXO3_25_37,AKT
FOXO3_25_37,DMPK
FOXO3_25_37,PKCA
FOXO3_25_37,SGK
FOXO3_25_37,AMPK
FOXO3_25_37,CDK
FOXO3_25_37,PKA
FOXO3_25_37,PEK
FOXO3_25_37,PASK
FOXO3_25_37,NDR
FOXO3_25_37,RIPK
FOXO3_25_37,RAD53
FOXO3_25_37,MELK
FOXO3_25_37,PKD
FOXO3_25_37,CAMK1
FOXO3_25_37,MLCK
FRAP_2443_2455,CK1
FRAP_2443_2455,ERK
FRAP_2443_2455,STKR
FRAP_2443_2455,MAPKAPK
FRAP_2443_2455,RSK
FRAP_2443_2455,DYRK
FRAP_2443_2455,GSK
FRAP_2443_2455,CAMK1
FRAP_2443_2455,SGK
FRAP_2443_2455,CAMK2
FRAP_2443_2455,WNK
FRAP_2443_2455,PKD
FRAP_2443_2455,NEK
FRAP_2443_2455,MOS
FRAP_2443_2455,PIM
FRAP_2443_2455,PASK
FRAP_2443_2455,RAD53
FRAP_2443_2455,N
FRAP_2443_2455,AKT
FRAP_2443_2455,DMPK
FRAP_2443_2455,PKN
FRAP_2443_2455,NDR
FRAP_2443_2455,BUD32
FRAP_2443_2455,DAPK
GBF1_1331_1343,WNK
GBF1_1331_1343,PAKB
GBF1_1331_1343,CHK1
GBF1_1331_1343,PIM
GBF1_1331_1343,CK2
GBF1_1331_1343,NUAK
GBF1_1331_1343,PAKA
GPR6_349_361,DYRK
GPR6_349_361,WNK
GPR6_349_361,CLK
GPR6_349_361,CDK
GPR6_349_361,NDR
GPR6_349_361,JNK
GPR6_349_361,NEK
GPR6_349_361,SLK
GPR6_349_361,P38
GPR6_349_361,NAK
GPR6_349_361,CAMK2
GPR6_349_361,RSK
GPR6_349_361,PIM
GPR6_349_361,IRAK
GPR6_349_361,GSK
GPR6_349_361,ERK
GPR6_349_361,PEK
GPR6_349_361,SGK
GPR6_349_361,CAMK1
GPSM2_394_406,CAMK1
GPSM2_394_406,BRSK
GPSM2_394_406,RSK
GPSM2_394_406,AUR
GPSM2_394_406,PKA
GPSM2_394_406,QIK
GPSM2_394_406,MLCK
GPSM2_394_406,PKD
GPSM2_394_406,AKT
GPSM2_394_406,AMPK
GPSM2_394_406,CLK
GPSM2_394_406,SGK
GPSM2_394_406,CAMK2
GPSM2_394_406,DAPK
GPSM2_394_406,RAD53
GPSM2_394_406,MAPKAPK
GRIK2_708_720,PKG
GRIK2_708_720,MLCK
GRIK2_708_720,CLK
GRIK2_708_720,ERK
GRIK2_708_720,CDK
GRIK2_708_720,CAMK
GRIK2_708_720,AUR
GRIK2_708_720,NEK
GRIK2_708_720,SGK
GRIK2_708_720,PAKB
GRIK2_708_720,DAPK
GRIK2_708_720,DYRK
GRIK2_708_720,MLK
GRIK2_708_720,RSK
GRIK2_708_720,PAKA
GRIK2_708_720,PKA
GRIK2_708_720,PKCH
GRIK2_708_720,PKCI
GRIK2_708_720,PKCD
GRIK2_708_720,AKT
GRIK2_708_720,N
GRIK2_708_720,PEK
GRIK2_708_720,PKCA
GRIK2_708_720,DMPK
GRIK2_708_720,WNK
GRIK2_708_720,PKN
GRIK2_708_720,KHS
GRIK2_708_720,CAMKK
GRIK2_708_720,SLK
GRIK2_708_720,IRAK
GSUB_61_73,DYRK
GSUB_61_73,SGK
GSUB_61_73,AKT
GSUB_61_73,CDK
GSUB_61_73,CLK
GSUB_61_73,DMPK
GSUB_61_73,MLCK
GSUB_61_73,RSK
GSUB_61_73,DAPK
GSUB_61_73,RAD53
GYS2_1_13,PEK
GYS2_1_13,STKR
GYS2_1_13,SGK
GYS2_1_13,RAD53
GYS2_1_13,RSK
GYS2_1_13,MAPKAPK
GYS2_1_13,ULK
GYS2_1_13,CLK
GYS2_1_13,NAK
GYS2_1_13,CAMK1
GYS2_1_13,LKB
GYS2_1_13,DYRK
GYS2_1_13,PKD
GYS2_1_13,MELK
GYS2_1_13,AKT
GYS2_1_13,PKN
GYS2_1_13,QIK
GYS2_1_13,CAMKK
GYS2_1_13,WNK
GYS2_1_13,RIPK
GYS2_1_13,AMPK
GYS2_1_13,MLCK
GYS2_1_13,PDK1
GYS2_1_13,PHK
GYS2_1_13,DMPK
GYS2_1_13,NUAK
GYS2_1_13,PIM
GYS2_1_13,PKG
H2B1B_ 27_40,IKK
H2B1B_ 27_40,IRAK
H2B1B_ 27_40,PLK
H2B1B_ 27_40,RSK
H2B1B_ 27_40,PKA
H2B1B_ 27_40,PKG
H2B1B_ 27_40,BARK2
H2B1B_ 27_40,CAMK1
H2B1B_ 27_40,CK1
H2B1B_ 27_40,PKD
H2B1B_ 27_40,PIM
H2B1B_ 27_40,PEK
H2B1B_ 27_40,SGK
H2B1B_ 27_40,GRK
H2B1B_ 27_40,NDR
H2B1B_ 27_40,PASK
H2B1B_ 27_40,DMPK
H2B1B_ 27_40,PKCH
H2B1B_ 27_40,AKT
H2B1B_ 27_40,MLCK
H2B1B_ 27_40,AUR
H2B1B_ 27_40,PKN
H2B1B_ 27_40,PKCD
H2B1B_ 27_40,WNK
H2B1B_ 27_40,PKCA
H2B1B_ 27_40,STE11
H2B1B_ 27_40,MELK
H2B1B_ 27_40,STKR
H2B1B_ 27_40,CLK
H2B1B_ 27_40,RAD53
H32_3_18,ERK
H32_3_18,PAKB
H32_3_18,CLK
H32_3_18,PKA
H32_3_18,DMPK
H32_3_18,PKCH
H32_3_18,PKCI
H32_3_18,AKT
H32_3_18,PKG
H32_3_18,PKD
H32_3_18,RSK
H32_3_18,CDK
H32_3_18,PEK
H32_3_18,PKCA
H32_3_18,NAK
H32_3_18,WNK
H32_3_18,PIM
H32_3_18,SLK
H32_3_18,AUR
H32_3_18,SGK
H32_3_18,PKCD
HS90A_615_627,PKD
HS90A_615_627,TLK
HS90A_615_627,RSK
HS90A_615_627,CK1
HS90A_615_627,MST
HS90A_615_627,NUAK
HS90A_615_627,DAPK
HS90A_615_627,PLK
HS90A_615_627,PEK
HS90A_615_627,AKT
HS90A_615_627,PDHK
HS90A_615_627,CAMK1
HS90A_615_627,KHS
HS90A_615_627,WNK
HS90A_615_627,SGK
HS90A_615_627,STKR
HS90A_615_627,MAPKAPK
HS90A_615_627,BARK2
HS90A_615_627,RIPK
HS90A_615_627,NEK
IF4E_203_215,MAPKAPK
IF4E_203_215,DYRK
IF4E_203_215,CDK
IF4E_203_215,PKD
IF4E_203_215,CLK
IF4E_203_215,NAK
IF4E_203_215,QIK
IF4E_203_215,PKCI
IF4E_203_215,PKCA
IF4E_203_215,PKCD
IF4E_203_215,PEK
IF4E_203_215,IRAK
IF4E_203_215,COT
IF4E_203_215,NDR
IF4E_203_215,NEK
IF4E_203_215,MSN
IF4E_203_215,TAO
IF4E_203_215,AMPK
IF4E_203_215,PIM
IF4E_203_215,NIK
IF4E_203_215,RIPK
IF4E_203_215,NUAK
IF4E_203_215,LKB
IRS1_788_800,PAKB
IRS1_788_800,ERK
IRS1_788_800,PASK
IRS1_788_800,AUR
IRS1_788_800,CDK
IRS1_788_800,PAKA
IRS1_788_800,AMPK
IRS1_788_800,NUAK
IRS1_788_800,PIM
IRS1_788_800,CLK
IRS1_788_800,QIK
IRS1_788_800,NEK
IRS1_788_800,SGK
IRS1_788_800,AKT
IRS1_788_800,RSK
IRS1_788_800,RIPK
IRS1_788_800,MAPKAPK
IRS1_788_800,WNK
IRS1_788_800,DMPK
IRS1_788_800,PDK1
IRS1_788_800,BRSK
IRS1_788_800,PKA
IRS1_788_800,ATR
K6PL_766_778,CAMK2
K6PL_766_778,ERK
K6PL_766_778,MLK
K6PL_766_778,BRSK
K6PL_766_778,MAPKAPK
K6PL_766_778,CLK
K6PL_766_778,PEK
K6PL_766_778,RSK
K6PL_766_778,AKT
K6PL_766_778,DMPK
K6PL_766_778,PKD
K6PL_766_778,PLK
K6PL_766_778,RIPK
K6PL_766_778,WNK
K6PL_766_778,PIM
K6PL_766_778,NEK
K6PL_766_778,CAMK1
K6PL_766_778,SGK
K6PL_766_778,MLCK
K6PL_766_778,IRAK
K6PL_766_778,NDR
KAP2_92_104,CLK
KAP2_92_104,STE11
KAP2_92_104,RSK
KAP2_92_104,IRAK
KAP2_92_104,MAPKAPK
KAP2_92_104,STKR
KAP2_92_104,AUR
KAP2_92_104,SGK
KAP2_92_104,DYRK
KAP2_92_104,RAF
KAP2_92_104,MLCK
KAP2_92_104,CK2
KAP2_92_104,PEK
KAP2_92_104,PRKDC
KAP2_92_104,CAMK1
KAP2_92_104,PKG
KAP2_92_104,RAD53
KAP2_92_104,FRAY
KAP2_92_104,CAMK2
KAP2_92_104,TLK
KAP2_92_104,PAKA
KAP2_92_104,MST
KAP2_92_104,NEK
KAP2_92_104,PKA
KAP2_92_104,DAPK
KAP2_92_104,NUAK
KAP3_107_119,PKA
KAP3_107_119,ERK
KAP3_107_119,RSK
KAP3_107_119,CLK
KAP3_107_119,MLK
KAP3_107_119,MAPKAPK
KAP3_107_119,SLK
KAP3_107_119,IRAK
KAP3_107_119,PEK
KAP3_107_119,DYRK
KAP3_107_119,PKG
KAP3_107_119,MLCK
KAP3_107_119,NEK
KAP3_107_119,SGK
KAP3_107_119,DMPK
KAP3_107_119,CAMK2
KAP3_107_119,PKCI
KAP3_107_119,PKCD
KAP3_107_119,PKCH
KAP3_107_119,PAKA
KAP3_107_119,CAMK1
KAP3_107_119,AKT
KAPCG_192_206,P38
KAPCG_192_206,JNK
KAPCG_192_206,DYRK
KAPCG_192_206,WNK
KAPCG_192_206,RSK
KAPCG_192_206,CDK
KAPCG_192_206,AKT
KAPCG_192_206,TAO
KAPCG_192_206,ERK
KAPCG_192_206,KHS
KAPCG_192_206,DMPK
KAPCG_192_206,PIM
KAPCG_192_206,RIPK
KAPCG_192_206,NDR
KAPCG_192_206,RAD53
KAPCG_192_206,NIK
KAPCG_192_206,SGK
KAPCG_192_206,SLK
KAPCG_192_206,PASK
KAPCG_192_206,DAPK
KCC2G_278_289,WNK
KCC2G_278_289,CAMK2
KCC2G_278_289,NUAK
KCC2G_278_289,CAMK1
KCC2G_278_289,PKN
KCC2G_278_289,MAPKAPK
KCC2G_278_289,ULK
KCC2G_278_289,PHK
KCC2G_278_289,AMPK
KCC2G_278_289,MLCK
KCC2G_278_289,PASK
KCC2G_278_289,NEK
KCC2G_278_289,BRSK
KCC2G_278_289,IKK
KCC2G_278_289,CHK1
KCC2G_278_289,CK1
KCC2G_278_289,DAPK
KCC2G_278_289,MLK
KCC2G_278_289,RSK
KCC2G_278_289,PKCI
KCC2G_278_289,IRAK
KCC2G_278_289,MELK
KCC2G_278_289,STKR
KCC2G_278_289,RAF
KCC2G_278_289,PKCD
KCC2G_278_289,PIM
KCNA1_438_450,MOS
KCNA1_438_450,KHS
KCNA1_438_450,NEK
KCNA1_438_450,PKD
KCNA1_438_450,ERK
KCNA1_438_450,N
KCNA1_438_450,STKR
KCNA1_438_450,COT
KCNA1_438_450,RSK
KCNA1_438_450,PEK
KCNA1_438_450,AKT
KCNA1_438_450,MSN
KCNA1_438_450,PAKA
KCNA1_438_450,SGK
KCNA1_438_450,PKG
KCNA1_438_450,TAO
KCNA1_438_450,MLK
KCNA1_438_450,MAPKAPK
KCNA1_438_450,DYRK
KCNA1_438_450,PKA
KCNA1_438_450,PDHK
KCNA1_438_450,DAPK
KCNA1_438_450,PKN
KCNA1_438_450,MLCK
KCNA1_438_450,GRK
KCNA1_438_450,RIPK
KCNA1_438_450,MELK
KCNA1_438_450,RAD53
KCNA1_438_450,TLK
KCNA2_442_454,STE11
KCNA2_442_454,MLK
KCNA2_442_454,MELK
KCNA2_442_454,SGK
KCNA2_442_454,KHS
KCNA2_442_454,NEK
KCNA2_442_454,AMPK
KCNA2_442_454,IKK
KCNA2_442_454,NUAK
KCNA2_442_454,QIK
KCNA2_442_454,TAO
KCNA2_442_454,MSN
KCNA2_442_454,RSK
KCNA2_442_454,CAMK1
KCNA2_442_454,STE7
KCNA2_442_454,CHK1
KCNA2_442_454,WNK
KCNA2_442_454,DYRK
KCNA2_442_454,AKT
KCNA2_442_454,PKD
KCNA3_461_473,KHS
KCNA3_461_473,ERK
KCNA3_461_473,MSN
KCNA3_461_473,NEK
KCNA3_461_473,PEK
KCNA3_461_473,MST
KCNA3_461_473,NUAK
KCNA3_461_473,AMPK
KCNA3_461_473,MELK
KCNA3_461_473,CAMK1
KCNA3_461_473,PKD
KCNA3_461_473,ATM
KCNA3_461_473,MLK
KCNA3_461_473,PRKDC
KCNA3_461_473,TTK
KCNA3_461_473,QIK
KCNA3_461_473,TAO
KCNA3_461_473,RAD53
KCNA3_461_473,SGK
KCNA3_461_473,STE11
KCNA3_461_473,FRAY
KCNA3_461_473,AKT
KCNA3_461_473,DMPK
KCNA3_461_473,DAPK
KCNA3_461_473,IKK
KCNA3_461_473,CLK
KCNA3_461_473,PKN
KCNA3_461_473,PIM
KCNA3_461_473,MLCK
KCNA3_461_473,DYRK
KCNA6_504_516,SGK
KCNA6_504_516,P38
KCNA6_504_516,RSK
KCNA6_504_516,JNK
KCNA6_504_516,PKA
KCNA6_504_516,CDK
KCNA6_504_516,DMPK
KCNA6_504_516,AKT
KCNA6_504_516,ERK
KCNA6_504_516,CLK
KCNA6_504_516,AUR
KCNA6_504_516,DYRK
KCNA6_504_516,PASK
KCNA6_504_516,PAKA
KCNA6_504_516,PKD
KCNA6_504_516,NMO
KCNA6_504_516,PIM
KCNB1_489_501,STKR
KCNB1_489_501,COT
KCNB1_489_501,MAPKAPK
KCNB1_489_501,GRK
KCNB1_489_501,CK1
KCNB1_489_501,IKK
KCNB1_489_501,SLK
KCNB1_489_501,NEK
KCNB1_489_501,LKB
KCNB1_489_501,ERK
KCNB1_489_501,RSK
KCNB1_489_501,PKCA
KCNB1_489_501,PEK
KCNB1_489_501,N
KCNB1_489_501,CAMK1
KCNB1_489_501,PIM
KCNB1_489_501,CK2
KCNB1_489_501,CAMKK
KCNB1_489_501,MLK
KCNB1_489_501,PLK
KCNB1_489_501,PKCI
KCNB1_489_501,WNK
KCNB1_489_501,CHK1
KCNB1_489_501,DAPK
KCNB1_489_501,DMPK
KCNB1_489_501,SGK
KCNB1_489_501,TLK
KCNB1_489_501,RAD53
KCNH2_277_289,PAKB
KCNH2_277_289,ERK
KCNH2_277_289,DYRK
KCNH2_277_289,PKCI
KCNH2_277_289,MAPKAPK
KCNH2_277_289,RSK
KCNH2_277_289,MLK
KCNH2_277_289,CAMK2
KCNH2_277_289,N
KCNH2_277_289,CAMK1
KCNH2_277_289,AMPK
KCNH2_277_289,PHK
KCNH2_277_289,BRSK
KCNH2_277_289,CLK
KCNH2_277_289,NEK
KCNH2_277_289,AUR
KCNH2_277_289,ULK
KCNH2_277_289,SGK
KCNH2_277_289,PKA
KCNH2_277_289,MSN
KCNH2_277_289,PKD
KCNH2_277_289,COT
KCNH2_277_289,NUAK
KCNH2_277_289,CK1
KCNH2_277_289,MLCK
KIF11_919_931,AUR
KIF11_919_931,CDK
KIF11_919_931,MAPKAPK
KIF11_919_931,PKCI
KIF11_919_931,PAKB
KIF11_919_931,PKG
KIF11_919_931,PAKA
KIF11_919_931,PKA
KIF11_919_931,P38
KIF11_919_931,DYRK
KIF11_919_931,CK1
KIF11_919_931,MLCK
KIF11_919_931,PKCD
KIF11_919_931,RSK
KIF11_919_931,NEK
KIF11_919_931,GSK
KIF11_919_931,PKCA
KIF11_919_931,ERK
KIF11_919_931,NAK
KIF11_919_931,STE11
KIF11_919_931,CLK
KIF11_919_931,DMPK
KIF11_919_931,MSN
KIF11_919_931,AKT
KIF11_919_931,NMO
KIF2C_105_118_S106G,DYRK
KIF2C_105_118_S106G,CDK
KIF2C_105_118_S106G,MAPKAPK
KIF2C_105_118_S106G,IRAK
KIF2C_105_118_S106G,RSK
KIF2C_105_118_S106G,CLK
KIF2C_105_118_S106G,RIPK
KIF2C_105_118_S106G,IKK
KIF2C_105_118_S106G,SGK
KIF2C_105_118_S106G,CAMK2
KIF2C_105_118_S106G,WNK
KIF2C_105_118_S106G,DMPK
KIF2C_105_118_S106G,MLCK
KIF2C_105_118_S106G,PAKA
KIF2C_105_118_S106G,NUAK
KIF2C_105_118_S106G,AKT
KIF2C_105_118_S106G,PKD
KIF2C_105_118_S106G,AUR
KIF2C_105_118_S106G,CAMK1
KIF2C_105_118_S106G,MELK
KIF2C_105_118_S106G,DAPK
KIF2C_105_118_S106G,ERK
KIF2C_105_118_S106G,PKCI
KIF2C_105_118_S106G,CK1
KIF2C_105_118_S106G,PIM
KIF2C_105_118_S106G,NIK
KPB1_1011_1023,AUR
KPB1_1011_1023,TLK
KPB1_1011_1023,RSK
KPB1_1011_1023,CK2
KPB1_1011_1023,PKA
KPB1_1011_1023,CK1
KPB1_1011_1023,PKG
KPB1_1011_1023,PRKDC
KPB1_1011_1023,PAKB
KPB1_1011_1023,AKT
KPB1_1011_1023,CLK
KPB1_1011_1023,SGK
KPB1_1011_1023,N
KPB1_1011_1023,DMPK
KPB1_1011_1023,PAKA
KPB1_1011_1023,NEK
KPB1_1011_1023,DAPK
KPB1_1011_1023,MAPKAPK
KS6A1_374_386,PKN
KS6A1_374_386,NAK
KS6A1_374_386,MAPKAPK
KS6A1_374_386,RAD53
KS6A1_374_386,CAMK2
KS6A1_374_386,CAMK1
KS6A1_374_386,LKB
KS6A1_374_386,PHK
KS6A1_374_386,NEK
KS6A1_374_386,MELK
KS6A1_374_386,RSK
KS6A1_374_386,SGK
KS6A1_374_386,PDK1
KS6A1_374_386,AMPK
KS6A1_374_386,NUAK
KS6A1_374_386,WNK
KS6A1_374_386,PKD
LIPS_944_956,AUR
LIPS_944_956,PKA
LIPS_944_956,PKG
LIPS_944_956,VRK2
LIPS_944_956,AKT
LIPS_944_956,MAPKAPK
LIPS_944_956,TTK
LIPS_944_956,PAKA
LIPS_944_956,RSK
LIPS_944_956,CLK
LIPS_944_956,PAKB
LIPS_944_956,NDR
LIPS_944_956,STE11
LIPS_944_956,SGK
LIPS_944_956,CHK1
LIPS_944_956,PKCI
LIPS_944_956,DYRK
LIPS_944_956,TAO
LIPS_944_956,WNK
LIPS_944_956,PRKDC
LIPS_944_956,MST
LIPS_944_956,ATM
LIPS_944_956,DMPK
LIPS_944_956,PIM
LIPS_944_956,MLCK
LIPS_944_956,PKCH
LIPS_944_956,KHS
LMNA_192_204,GRK
LMNA_192_204,CAMKK
LMNA_192_204,PKN
LMNA_192_204,PASK
LMNA_192_204,GSK
LMNA_192_204,MLK
LMNA_192_204,STE11
LMNA_192_204,NEK
LMNA_192_204,PIM
LMNA_192_204,IKK
LMNA_192_204,PKCD
LMNA_192_204,DAPK
LMNA_192_204,PDK1
LMNA_192_204,RSK
LMNA_192_204,KHS
LMNA_192_204,SGK
LMNA_192_204,TAO
LMNA_192_204,CAMK2
LMNA_192_204,NIK
LMNA_192_204,AKT
LMNB1_16_28,AUR
LMNB1_16_28,P38
LMNB1_16_28,PAKB
LMNB1_16_28,PKN
LMNB1_16_28,ERK
LMNB1_16_28,PAKA
LMNB1_16_28,JNK
LMNB1_16_28,PKG
LMNB1_16_28,BUD32
LMNB1_16_28,CDK
LMNB1_16_28,NEK
LMNB1_16_28,STE11
LMNB1_16_28,RSK
LMNB1_16_28,MLCK
LMNB1_16_28,MAPKAPK
LMNB1_16_28,DAPK
LMNB1_16_28,DYRK
LMNB1_16_28,PASK
LMNB1_16_28,PKA
LMNB1_16_28,RIPK
MARCS_152_164,PKCH
MARCS_152_164,PKN
MARCS_152_164,PKCI
MARCS_152_164,PKCD
MARCS_152_164,PKCA
MARCS_152_164,CAMK1
MARCS_152_164,PKG
MARCS_152_164,PHK
MARCS_152_164,SGK
MARCS_152_164,DAPK
MARCS_152_164,PKA
MARCS_152_164,MAPKAPK
MARCS_152_164,CAMK2
MARCS_152_164,CLK
MARCS_152_164,AKT
MARCS_152_164,AUR
MARCS_152_164,WNK
MARCS_152_164,MELK
MARCS_152_164,PIM
MARCS_152_164,DMPK
MARCS_152_164,RSK
MARCS_152_164,NEK
MARCS_152_164,ULK
MARCS_152_164,CDK
MARCS_152_164,PAKB
MARCS_152_164,AMPK
MARCS_152_164,SLK
MARCS_152_164,PDHK
MARCS_160_172,PIM
MARCS_160_172,PKCD
MARCS_160_172,PKN
MARCS_160_172,PKCA
MARCS_160_172,PKCH
MARCS_160_172,PKCI
MARCS_160_172,PHK
MARCS_160_172,PKG
MARCS_160_172,NEK
MARCS_160_172,DAPK
MARCS_160_172,ULK
MARCS_160_172,CK1
MARCS_160_172,AUR
MARCS_160_172,PKA
MARCS_160_172,WNK
MARCS_160_172,IRAK
MARCS_160_172,MLK
MARCS_160_172,MAPKAPK
MARCS_160_172,RIPK
MARCS_160_172,MLCK
MARCS_160_172,SGK
MARCS_160_172,PKD
MARCS_160_172,CAMK1
MBP_222_234,ERK
MBP_222_234,P38
MBP_222_234,DYRK
MBP_222_234,CDK
MBP_222_234,JNK
MP2K1_287_299,GRK
MP2K1_287_299,CDK
MP2K1_287_299,DYRK
MP2K1_287_299,MAPKAPK
MP2K1_287_299,PKD
MP2K1_287_299,CLK
MP2K1_287_299,IKK
MP2K1_287_299,JNK
MP2K1_287_299,P38
MP2K1_287_299,ERK
MP2K1_287_299,RSK
MP2K1_287_299,COT
MP2K1_287_299,NDR
MP2K1_287_299,NMO
MP2K1_287_299,AKT
MP2K1_287_299,RIPK
MP2K1_287_299,PAKB
MPIP1_172_184,MAPKAPK
MPIP1_172_184,ERK
MPIP1_172_184,PKD
MPIP1_172_184,MLK
MPIP1_172_184,PRKDC
MPIP1_172_184,DAPK
MPIP1_172_184,PIM
MPIP1_172_184,ATM
MPIP1_172_184,NEK
MPIP1_172_184,AKT
MPIP1_172_184,PEK
MPIP1_172_184,CAMK1
MPIP1_172_184,STE11
MPIP1_172_184,SLK
MPIP1_172_184,PKA
MPIP1_172_184,IRAK
MPIP1_172_184,RSK
MPIP1_172_184,TTK
MPIP1_172_184,CAMK2
MPIP1_172_184,RAD53
MPIP1_172_184,CAMKK
MPIP1_70_82,PKD
MPIP1_70_82,CAMK2
MPIP1_70_82,MAPKAPK
MPIP1_70_82,STKR
MPIP1_70_82,COT
MPIP1_70_82,CAMK1
MPIP1_70_82,N
MPIP1_70_82,PLK
MPIP1_70_82,GRK
MPIP1_70_82,MOS
MPIP1_70_82,RAF
MPIP1_70_82,CHK1
MPIP1_70_82,CK2
MPIP1_70_82,RAD53
MPIP1_70_82,BARK1
MPIP1_70_82,MLK
MPIP1_70_82,IKK
MPIP1_70_82,RSK
MPIP1_70_82,TTK
MPIP3_208_220,CDK
MPIP3_208_220,PKD
MPIP3_208_220,MAPKAPK
MPIP3_208_220,JNK
MPIP3_208_220,CAMK2
MPIP3_208_220,CHK1
MPIP3_208_220,WNK
MPIP3_208_220,IRAK
MPIP3_208_220,PKN
MPIP3_208_220,RIPK
MPIP3_208_220,ERK
MPIP3_208_220,RSK
MPIP3_208_220,AMPK
MPIP3_208_220,QIK
MPIP3_208_220,NMO
MPIP3_208_220,NDR
MPIP3_208_220,DYRK
MPIP3_208_220,BRSK
MPIP3_208_220,RAD53
MPIP3_208_220,NAK
MPIP3_208_220,PIM
MYC_51_63,P38
MYC_51_63,ERK
MYC_51_63,CDK
MYC_51_63,JNK
MYL9_14_26,PKD
MYL9_14_26,DYRK
MYL9_14_26,MAPKAPK
MYL9_14_26,SGK
MYL9_14_26,MLCK
MYL9_14_26,QIK
MYL9_14_26,CAMK1
MYL9_14_26,DAPK
MYL9_14_26,MELK
MYL9_14_26,AKT
MYL9_14_26,NUAK
MYL9_14_26,PAKA
MYL9_14_26,RSK
MYL9_14_26,DMPK
MYL9_14_26,BRSK
MYL9_14_26,AMPK
MYPC3_268_280,ERK
MYPC3_268_280,SGK
MYPC3_268_280,PAKA
MYPC3_268_280,RSK
MYPC3_268_280,PAKB
MYPC3_268_280,PKA
MYPC3_268_280,DAPK
MYPC3_268_280,PKG
MYPC3_268_280,DMPK
MYPC3_268_280,PKD
MYPC3_268_280,AUR
MYPC3_268_280,CLK
MYPC3_268_280,AKT
MYPC3_268_280,MAPKAPK
MYPC3_268_280,PIM
MYPC3_268_280,MLCK
MYPC3_268_280,DYRK
MYPC3_268_280,MLK
MYPC3_268_280,PKCI
MYPC3_268_280,PHK
MYPC3_268_280,CAMK2
MYPC3_268_280,PKCH
MYPC3_268_280,STKR
NCF1_296_308,PKA
NCF1_296_308,AUR
NCF1_296_308,PKG
NCF1_296_308,PKCA
NCF1_296_308,AKT
NCF1_296_308,PKCD
NCF1_296_308,PKCI
NCF1_296_308,PKCH
NCF1_296_308,MAPKAPK
NCF1_296_308,SGK
NCF1_296_308,PAKA
NCF1_296_308,RSK
NCF1_296_308,CAMK1
NCF1_296_308,RAD53
NCF1_296_308,MLCK
NCF1_296_308,CLK
NCF1_296_308,DMPK
NCF1_296_308,PAKB
NCF1_296_308,CDK
NCF1_296_308,PKN
NCF1_296_308,WNK
NCF1_296_308,QIK
NCF1_321_333,AKT
NCF1_321_333,PKG
NCF1_321_333,MLCK
NCF1_321_333,RSK
NCF1_321_333,PKN
NCF1_321_333,QIK
NCF1_321_333,SGK
NCF1_321_333,PKA
NCF1_321_333,PKCH
NCF1_321_333,CAMK1
NCF1_321_333,PHK
NCF1_321_333,PKCD
NCF1_321_333,CLK
NCF1_321_333,PKCI
NCF1_321_333,DMPK
NCF1_321_333,PKCA
NCF1_321_333,PAKA
NCF1_321_333,PAKB
NCF1_321_333,DYRK
NCF1_321_333,PKD
NCF1_321_333,AUR
NCF1_321_333,MAPKAPK
NCF1_321_333,NUAK
NCF1_321_333,DAPK
NEK2_172_184,P38
NEK2_172_184,GRK
NEK2_172_184,IKK
NEK2_172_184,NEK
NEK2_172_184,JNK
NEK2_172_184,CDK
NEK2_172_184,VRK1
NEK2_172_184,ERK
NEK2_172_184,CK2
NEK2_172_184,PDHK
NEK2_172_184,DYRK
NEK2_172_184,MLK
NEK2_172_184,SGK
NEK2_172_184,STE11
NEK2_172_184,PDK1
NEK3_158_170,P38
NEK3_158_170,VRK1
NEK3_158_170,NEK
NEK3_158_170,DYRK
NEK3_158_170,JNK
NEK3_158_170,CDK
NEK3_158_170,WNK
NEK3_158_170,STKR
NEK3_158_170,ERK
NFKB1_330_342,DAPK
NFKB1_330_342,STKR
NFKB1_330_342,RSK
NFKB1_330_342,PKA
NFKB1_330_342,NEK
NFKB1_330_342,CAMK1
NFKB1_330_342,CAMKK
NFKB1_330_342,SGK
NFKB1_330_342,DMPK
NFKB1_330_342,CK1
NFKB1_330_342,PLK
NFKB1_330_342,AUR
NFKB1_330_342,N
NFKB1_330_342,BARK2
NFKB1_330_342,PEK
NFKB1_330_342,TLK
NFKB1_330_342,MLCK
NFKB1_330_342,STE11
NFKB1_330_342,GRK
NMDZ1_890_902,STKR
NMDZ1_890_902,PKA
NMDZ1_890_902,CK1
NMDZ1_890_902,RSK
NMDZ1_890_902,CLK
NMDZ1_890_902,MLCK
NMDZ1_890_902,AKT
NMDZ1_890_902,PEK
NMDZ1_890_902,PLK
NMDZ1_890_902,CAMK1
NMDZ1_890_902,PKCH
NMDZ1_890_902,CDK
NMDZ1_890_902,SGK
NMDZ1_890_902,TLK
NMDZ1_890_902,DMPK
NMDZ1_890_902,COT
NMDZ1_890_902,GRK
NMDZ1_890_902,VRK2
NMDZ1_890_902,PKG
NMDZ1_890_902,PIM
NMDZ1_890_902,NEK
NMDZ1_890_902,PKCD
NMDZ1_890_902,DAPK
NMDZ1_890_902,PKCA
NMDZ1_890_902,PASK
NMDZ1_890_902,RAF
NMDZ1_890_902,PAKA
NMDZ1_890_902,PKCI
NMDZ1_890_902,NAK
NMDZ1_890_902,MTOR
NMDZ1_890_902,RAD53
NMDZ1_890_902,LKB
NMDZ1_890_902,PKN
NOS3_1171_1183,PDK1
NOS3_1171_1183,PDHK
NOS3_1171_1183,DMPK
NOS3_1171_1183,CAMK1
NOS3_1171_1183,GRK
NOS3_1171_1183,RAD53
NOS3_1171_1183,MELK
NOS3_1171_1183,MLCK
NOS3_1171_1183,RIPK
NOS3_1171_1183,PKN
NOS3_1171_1183,COT
NOS3_1171_1183,ATR
NOS3_1171_1183,CAMK2
NOS3_1171_1183,RSK
NOS3_1171_1183,CLK
NOS3_1171_1183,PIM
NOS3_1171_1183,DAPK
NOS3_1171_1183,AKT
NOS3_1171_1183,SGK
NOS3_1171_1183,IRAK
NOS3_1171_1183,PASK
NOS3_1171_1183,PKD
NOS3_1171_1183,WNK
NOS3_1171_1183,NUAK
NOS3_1171_1183,NDR
NOS3_1171_1183,NAK
NOS3_1171_1183,DYRK
NOTC1_2507_2519,P38
NOTC1_2507_2519,JNK
NOTC1_2507_2519,CDK
NOTC1_2507_2519,DYRK
NOTC1_2507_2519,ERK
NR4A1_344_356,RSK
NR4A1_344_356,PKD
NR4A1_344_356,CLK
NR4A1_344_356,PIM
NR4A1_344_356,AKT
NR4A1_344_356,PKA
NR4A1_344_356,MAPKAPK
NR4A1_344_356,DMPK
NR4A1_344_356,SGK
NR4A1_344_356,DYRK
NR4A1_344_356,PKCH
NR4A1_344_356,PKCD
NR4A1_344_356,PASK
NR4A1_344_356,RAD53
NR4A1_344_356,AMPK
P53_12_24,ATM
P53_12_24,PLK
P53_12_24,MOS
P53_12_24,PRKDC
P53_12_24,BARK1
P53_12_24,ATR
P53_12_24,STKR
P53_12_24,PKN
P53_12_24,NDR
P53_12_24,CK1
P53_12_24,CAMK
P53_12_24,CAMK1
P53_308_323,CDK
P53_308_323,PKD
P53_308_323,COT
P53_308_323,CHK1
P53_308_323,MAPKAPK
P53_308_323,MLK
P53_308_323,PASK
P53_308_323,PKN
P53_308_323,TLK
P53_308_323,P38
P53_308_323,RIPK
P53_308_323,PLK
P53_308_323,LKB
P53_308_323,ERK
P53_308_323,NEK
PCBP1_55_67,NAK
PCBP1_55_67,PKN
PCBP1_55_67,RAD53
PCBP1_55_67,IKK
PCBP1_55_67,RAF
PCBP1_55_67,DMPK
PCBP1_55_67,PEK
PCBP1_55_67,WNK
PCBP1_55_67,CK1
PCBP1_55_67,SGK
PCBP1_55_67,DAPK
PCBP1_55_67,RSK
PCBP1_55_67,TLK
PCBP1_55_67,STE11
PCBP1_55_67,MAPKAPK
PCBP1_55_67,NEK
PCBP1_55_67,PDK1
PCBP1_55_67,CAMK1
PCBP1_55_67,AKT
PCBP1_55_67,NIK
PCSK7_496_508,ERK
PCSK7_496_508,IKK
PCSK7_496_508,CDK
PCSK7_496_508,P38
PCSK7_496_508,PRKDC
PCSK7_496_508,RAF
PCSK7_496_508,COT
PCSK7_496_508,PDHK
PDE5A_95_107,PKG
PDE5A_95_107,CDK
PDE5A_95_107,MLK
PDE5A_95_107,RSK
PDE5A_95_107,IRAK
PDE5A_95_107,CK2
PDE5A_95_107,CAMK1
PDE5A_95_107,CK1
PDE5A_95_107,PEK
PDE5A_95_107,GRK
PDE5A_95_107,PKA
PDE5A_95_107,PKD
PDE5A_95_107,CLK
PDE5A_95_107,SGK
PDE5A_95_107,P38
PDE5A_95_107,BARK2
PDE5A_95_107,STE11
PDE5A_95_107,PKCI
PDE5A_95_107,BUD32
PDE5A_95_107,BARK1
PDE5A_95_107,RIPK
PDE5A_95_107,DYRK
PDE5A_95_107,MAPKAPK
PDE5A_95_107,PKCD
PDPK1_235_247,SGK
PDPK1_235_247,LKB
PDPK1_235_247,PKD
PDPK1_235_247,AKT
PDPK1_235_247,CAMK1
PDPK1_235_247,MELK
PDPK1_235_247,MSN
PDPK1_235_247,NAK
PDPK1_235_247,RAD53
PDPK1_235_247,STE11
PDPK1_235_247,PKN
PDPK1_235_247,MAPKAPK
PDPK1_235_247,NEK
PDPK1_235_247,AMPK
PDPK1_235_247,RSK
PDPK1_235_247,CAMKK
PDPK1_235_247,PDK1
PDPK1_235_247,CAMK2
PDPK1_235_247,KHS
PDPK1_235_247,MST
PDPK1_235_247,PHK
PDPK1_235_247,NUAK
PDPK1_235_247,STE7
PDPK1_235_247,QIK
PKP1_167_179,SGK
PKP1_167_179,COT
PKP1_167_179,DYRK
PKP1_167_179,NEK
PKP1_167_179,DMPK
PKP1_167_179,AKT
PKP1_167_179,PKA
PKP1_167_179,BUD32
PKP1_167_179,NAK
PKP1_167_179,RSK
PKP1_167_179,PKCH
PKP1_167_179,PKCI
PKP1_167_179,CDK
PKP1_167_179,PKCD
PKP1_167_179,WNK
PKP1_167_179,PIM
PKP1_167_179,LKB
PKP1_167_179,PKCA
PKP1_167_179,KHS
PKP1_167_179,NIK
PKP1_167_179,PEK
PKP1_167_179,PKG
PLEK_106_118,PKCI
PLEK_106_118,PKCH
PLEK_106_118,PKCD
PLEK_106_118,PKG
PLEK_106_118,DMPK
PLEK_106_118,PKCA
PLEK_106_118,SGK
PLEK_106_118,WNK
PLEK_106_118,AKT
PLEK_106_118,MLCK
PLEK_106_118,PKN
PLEK_106_118,PAKB
PLEK_106_118,CLK
PLEK_106_118,PIM
PLEK_106_118,PKA
PLEK_106_118,RSK
PLEK_106_118,CDK
PLEK_106_118,AUR
PLEK_106_118,ERK
PLEK_106_118,DYRK
PLEK_106_118,MAPKAPK
PLEK_106_118,IRAK
PLEK_106_118,PHK
PLEK_106_118,NUAK
PLEK_106_118,NEK
PLEK_106_118,CAMK1
PLM_76_88,PLK
PLM_76_88,CK1
PLM_76_88,STKR
PLM_76_88,COT
PLM_76_88,CDK
PLM_76_88,CAMK1
PLM_76_88,DYRK
PLM_76_88,PKG
PLM_76_88,AUR
PLM_76_88,BARK1
PLM_76_88,PKN
PLM_76_88,CLK
PLM_76_88,ERK
PLM_76_88,MLK
PLM_76_88,SGK
PLM_76_88,DMPK
PLM_76_88,PKCI
PLM_76_88,TTK
PLM_76_88,AKT
PLM_76_88,PKCH
PLM_76_88,STE11
PLM_76_88,PKCD
PLM_76_88,PKD
PLM_76_88,MLCK
PLM_76_88,WNK
PLM_76_88,NEK
PLM_76_88,PHK
PLM_76_88,PAKA
PLM_76_88,RSK
PLM_76_88,N
PP2AB_297_309,DYRK
PP2AB_297_309,MLK
PP2AB_297_309,ERK
PP2AB_297_309,PEK
PP2AB_297_309,CLK
PP2AB_297_309,RIPK
PP2AB_297_309,NEK
PP2AB_297_309,PKCA
PP2AB_297_309,CDK
PP2AB_297_309,VRK1
PP2AB_297_309,P38
PP2AB_297_309,IRAK
PP2AB_297_309,STE11
PP2AB_297_309,FRAY
PPARG_101_113,CDK
PPARG_101_113,P38
PPARG_101_113,COT
PPARG_101_113,ERK
PPARG_101_113,JNK
PPARG_101_113,DYRK
PPR1A_28_40,DYRK
PPR1A_28_40,IKK
PPR1A_28_40,CLK
PPR1A_28_40,SGK
PPR1A_28_40,MST
PPR1A_28_40,IRAK
PPR1A_28_40,PIM
PPR1A_28_40,CDK
PPR1A_28_40,NEK
PPR1A_28_40,DMPK
PPR1A_28_40,AKT
PPR1A_28_40,MSN
PPR1A_28_40,TAO
PPR1A_28_40,RSK
PPR1A_28_40,RAF
PPR1A_28_40,PASK
PPR1A_28_40,DAPK
PPR1A_28_40,LKB
PPR1A_28_40,PRKDC
PPR1A_28_40,BUD32
PPR1A_28_40,PKA
PRKDC_2618_2630,STKR
PRKDC_2618_2630,ERK
PRKDC_2618_2630,GSK
PRKDC_2618_2630,ATR
PRKDC_2618_2630,MTOR
PRKDC_2618_2630,MLK
PRKDC_2618_2630,ATM
PRKDC_2618_2630,PRKDC
PRKDC_2618_2630,CAMK2
PRKDC_2618_2630,DYRK
PRKDC_2618_2630,CAMK1
PRKDC_2618_2630,PASK
PRKDC_2618_2630,COT
PRKDC_2618_2630,RIPK
PRKDC_2618_2630,DAPK
PRKDC_2618_2630,LKB
PRKDC_2618_2630,PLK
PRKDC_2618_2630,DMPK
PRKDC_2618_2630,VRK2
PRKDC_2618_2630,WNK
PRKDC_2618_2630,MLCK
PRKDC_2618_2630,PHK
PRKDC_2618_2630,NAK
PTK6_436_448,PDHK
PTK6_436_448,MTOR
PTK6_436_448,STKR
PTK6_436_448,SGK
PTK6_436_448,PKD
PTK6_436_448,MAPKAPK
PTK6_436_448,CAMK1
PTK6_436_448,PDK1
PTK6_436_448,RSK
PTK6_436_448,VRK2
PTK6_436_448,RAD53
PTK6_436_448,IKK
PTK6_436_448,N
PTK6_436_448,PASK
PTK6_436_448,PAKA
PTK6_436_448,AUR
PTK6_436_448,AKT
PTK6_436_448,CAMK2
PTK6_436_448,PIM
PTK6_436_448,GRK
PTK6_436_448,CK1
PTK6_436_448,NUAK
PTK6_436_448,DAPK
PTN12_32_44,RAD53
PTN12_32_44,AKT
PTN12_32_44,PKCH
PTN12_32_44,PKCI
PTN12_32_44,CLK
PTN12_32_44,PKD
PTN12_32_44,RSK
PTN12_32_44,SGK
PTN12_32_44,DMPK
PTN12_32_44,PAKB
PTN12_32_44,PKN
PTN12_32_44,PIM
PTN12_32_44,PKCD
PTN12_32_44,AUR
PTN12_32_44,PKA
PTN12_32_44,MAPKAPK
PTN12_32_44,CAMK1
PTN12_32_44,MELK
PTN12_32_44,PHK
PTN12_32_44,IRAK
PTN12_32_44,MLCK
PTN12_32_44,NIK
PTN12_32_44,DYRK
RADI_559_569,SLK
RADI_559_569,KHS
RADI_559_569,TAO
RADI_559_569,MST
RADI_559_569,DMPK
RADI_559_569,PKCI
RADI_559_569,MSN
RADI_559_569,WNK
RADI_559_569,QIK
RADI_559_569,RIPK
RADI_559_569,STE11
RADI_559_569,PKCD
RADI_559_569,PIM
RADI_559_569,NIK
RADI_559_569,PEK
RADI_559_569,PKN
RADI_559_569,NEK
RAF1_253_265,CDK
RAF1_253_265,JNK
RAF1_253_265,ERK
RAF1_253_265,DYRK
RAF1_253_265,MAPKAPK
RAF1_253_265,PIM
RAF1_253_265,PKD
RAF1_253_265,DMPK
RAF1_253_265,PKA
RAF1_253_265,CAMK1
RAF1_253_265,RSK
RAF1_253_265,SGK
RAF1_253_265,RAD53
RAF1_253_265,AKT
RAF1_253_265,NMO
RAF1_253_265,MELK
RAF1_253_265,CAMK2
RAF1_253_265,NUAK
RAF1_253_265,PAKA
RAF1_253_265,AMPK
RAP1B_172_184,PKA
RAP1B_172_184,PKG
RAP1B_172_184,AMPK
RAP1B_172_184,QIK
RAP1B_172_184,AKT
RAP1B_172_184,AUR
RAP1B_172_184,DMPK
RAP1B_172_184,SGK
RAP1B_172_184,NDR
RAP1B_172_184,RSK
RAP1B_172_184,MELK
RAP1B_172_184,MLCK
RAP1B_172_184,PKD
RAP1B_172_184,BRSK
RAP1B_172_184,CAMK1
RAP1B_172_184,MAPKAPK
RBL2_655_667,DYRK
RBL2_655_667,RAD53
RBL2_655_667,NEK
RBL2_655_667,CDK
RBL2_655_667,PKD
RBL2_655_667,ULK
RBL2_655_667,P38
RBL2_655_667,ERK
RBL2_655_667,MELK
RBL2_655_667,CAMK1
RBL2_655_667,DMPK
RBL2_655_667,N
RBL2_655_667,JNK
RBL2_655_667,MAPKAPK
RBL2_655_667,DAPK
RBL2_655_667,KHS
RBL2_655_667,WNK
RBL2_655_667,CHK1
RBL2_655_667,CK1
RBL2_655_667,NIK
RBL2_655_667,PASK
RBL2_655_667,RIPK
RBL2_655_667,NAK
RBM26_833_845,CAMK1
RBM26_833_845,DAPK
RBM26_833_845,SGK
RBM26_833_845,AMPK
RBM26_833_845,DMPK
RBM26_833_845,MELK
RBM26_833_845,PKD
RBM26_833_845,RAD53
RBM26_833_845,RSK
RBM26_833_845,AKT
RBM26_833_845,PASK
RB_242_254,ERK
RB_242_254,CDK
RB_242_254,P38
RB_242_254,DYRK
RB_242_254,JNK
RB_350_362,CAMK2
RB_350_362,CDK
RB_350_362,PLK
RB_350_362,DMPK
RB_350_362,MLCK
RB_350_362,AUR
RB_350_362,PKG
RB_350_362,PRKDC
RB_350_362,MAPKAPK
RB_350_362,ATR
RB_350_362,ERK
RB_350_362,DAPK
RB_350_362,PAKA
RB_350_362,P38
RB_350_362,PDHK
RB_350_362,STKR
RB_350_362,NMO
RB_350_362,RSK
RB_350_362,N
RB_350_362,IKK
RB_350_362,SGK
RB_350_362,PKA
RB_350_362,PKD
RB_350_362,ATM
RB_350_362,BUD32
RB_350_362,DYRK
RB_350_362,CLK
RB_774_786,CDK
RB_774_786,LKB
RB_774_786,DYRK
RB_774_786,P38
RB_774_786,TLK
RB_774_786,ERK
RB_774_786,DMPK
RB_774_786,PKN
RB_774_786,PASK
RB_774_786,PEK
RB_774_786,JNK
RB_774_786,CAMKK
RB_803_815,CDK
RB_803_815,ERK
RB_803_815,NMO
RB_803_815,P38
REL_260_272,STKR
REL_260_272,RSK
REL_260_272,PKA
REL_260_272,DAPK
REL_260_272,GRK
REL_260_272,CAMK1
REL_260_272,MAPKAPK
REL_260_272,PIM
REL_260_272,TLK
REL_260_272,PEK
REL_260_272,PLK
REL_260_272,CK1
REL_260_272,SGK
REL_260_272,AUR
RIT1_202_214,CDK
RIT1_202_214,CLK
RIT1_202_214,ULK
RIT1_202_214,DYRK
RIT1_202_214,PKCH
RIT1_202_214,MLK
RIT1_202_214,ERK
RIT1_202_214,CK1
RIT1_202_214,IRAK
RIT1_202_214,AKT
RIT1_202_214,PHK
RIT1_202_214,NMO
RIT1_202_214,MAPKAPK
RIT1_202_214,PKCI
RIT1_202_214,STKR
RIT1_202_214,RAD53
ROA1_186_198,ERK
ROA1_186_198,CLK
ROA1_186_198,PIM
ROA1_186_198,MLK
ROA1_186_198,PKCA
ROA1_186_198,ULK
ROA1_186_198,ATR
ROA1_186_198,DYRK
ROA1_186_198,WNK
ROA1_186_198,CDK
ROA1_186_198,PKCI
ROA1_186_198,CK1
ROA1_186_198,PRKDC
ROA1_186_198,N
ROA1_186_198,PKA
ROA1_186_198,CAMK1
ROA1_186_198,NUAK
ROA1_186_198,SGK
ROA1_186_198,IRAK
ROA1_186_198,NDR
ROA1_186_198,MAPKAPK
ROA1_186_198,ATM
ROA1_186_198,PKCD
ROA1_186_198,AUR
ROA1_186_198,PKD
ROA1_186_198,RAD53
RPB1_1607_1619,PKN
RPB1_1607_1619,ERK
RPB1_1607_1619,NDR
RPB1_1607_1619,P38
RPB1_1607_1619,CDK
RPB1_1607_1619,PKD
RPB1_1607_1619,JNK
RPB1_1607_1619,MAPKAPK
RPB1_1607_1619,STE11
RPB1_1607_1619,DYRK
RPB1_1607_1619,BUD32
RPB1_1607_1619,IKK
RPB1_1607_1619,MLK
RS6_228_240,SGK
RS6_228_240,PIM
RS6_228_240,RSK
RS6_228_240,DMPK
RS6_228_240,AKT
RS6_228_240,PKN
RS6_228_240,PKG
RS6_228_240,PKCI
RS6_228_240,CAMK
RS6_228_240,RAD53
RS6_228_240,CLK
RS6_228_240,PKCH
RS6_228_240,PKCD
RS6_228_240,DYRK
RS6_228_240,AUR
RS6_228_240,PAKA
RS6_228_240,PKD
RS6_228_240,PAKB
RS6_228_240,WNK
RS6_228_240,PKA
RS6_228_240,MLCK
RS6_228_240,CAMK1
RS6_228_240,MAPKAPK
RS6_228_240,PHK
RS6_228_240,NEK
RS6_228_240,PKCA
RS6_228_240,MELK
RUNX3_8_20,CDK
RUNX3_8_20,ERK
RUNX3_8_20,DYRK
RUNX3_8_20,CLK
RUNX3_8_20,P38
RUNX3_8_20,MLK
RUNX3_8_20,PEK
RUNX3_8_20,PKCH
RUNX3_8_20,JNK
RUNX3_8_20,NEK
RUNX3_8_20,PKCI
RUNX3_8_20,WNK
RUNX3_8_20,IRAK
RUNX3_8_20,PKCA
RUNX3_8_20,PKCD
RUNX3_8_20,DAPK
RUNX3_8_20,MSN
RUNX3_8_20,PIM
RUNX3_8_20,PHK
RYR1_4317_4329,SGK
RYR1_4317_4329,PIM
RYR1_4317_4329,DMPK
RYR1_4317_4329,DAPK
RYR1_4317_4329,RSK
RYR1_4317_4329,MLCK
RYR1_4317_4329,AKT
RYR1_4317_4329,DYRK
RYR1_4317_4329,ERK
RYR1_4317_4329,RAD53
RYR1_4317_4329,CAMK1
RYR1_4317_4329,PKA
RYR1_4317_4329,PKG
RYR1_4317_4329,PKN
RYR1_4317_4329,PASK
RYR1_4317_4329,PAKA
SCN7A_898_910,SGK
SCN7A_898_910,AKT
SCN7A_898_910,RSK
SCN7A_898_910,PKA
SCN7A_898_910,DMPK
SCN7A_898_910,AUR
SCN7A_898_910,CLK
SCN7A_898_910,AMPK
SCN7A_898_910,MAPKAPK
SCN7A_898_910,PKG
SCN7A_898_910,NDR
SCN7A_898_910,CAMK1
SCN7A_898_910,DYRK
SCN7A_898_910,QIK
SCN7A_898_910,BRSK
SCN7A_898_910,RAD53
SCN7A_898_910,PKCD
STIM1_662_674,CDK
STIM1_662_674,CK1
STIM1_662_674,STKR
STIM1_662_674,P38
STIM1_662_674,MOS
STIM1_662_674,PEK
STIM1_662_674,CLK
STIM1_662_674,JNK
STIM1_662_674,ERK
STIM1_662_674,CK2
STIM1_662_674,IKK
STIM1_662_674,PLK
STK4_334_346,STE11
STK4_334_346,AMPK
STK4_334_346,DYRK
STK4_334_346,NAK
STK4_334_346,MLK
STK4_334_346,NUAK
STK4_334_346,PKD
STK4_334_346,MAPKAPK
STK4_334_346,N
STK4_334_346,WNK
STK4_334_346,CAMK1
STK4_334_346,ERK
STK4_334_346,TAO
STK4_334_346,BRSK
STK4_334_346,PLK
STK4_334_346,AKT
STK4_334_346,FRAY
STK4_334_346,NEK
STK4_334_346,PRKDC
STK4_334_346,RSK
STK4_334_346,RAF
STK4_334_346,QIK
STK4_334_346,COT
STK6_283_295,ERK
STK6_283_295,DAPK
STK6_283_295,MLK
STK6_283_295,AUR
STK6_283_295,PAKB
STK6_283_295,CAMK2
STK6_283_295,NEK
STK6_283_295,PKCI
STK6_283_295,PKCH
STK6_283_295,CDK
STK6_283_295,PDHK
STK6_283_295,CLK
STK6_283_295,PKCD
STK6_283_295,RSK
STK6_283_295,NUAK
STK6_283_295,DYRK
STK6_283_295,DMPK
STK6_283_295,MLCK
STK6_283_295,SGK
STK6_283_295,AKT
STK6_283_295,PKCA
STK6_283_295,PLK
STK6_283_295,PKN
STK6_283_295,PKG
STK6_283_295,PHK
STK6_283_295,COT
STK6_283_295,PDK1
STK6_283_295,WNK
SV2A_36_48,DYRK
SV2A_36_48,CAMK1
SV2A_36_48,CLK
SV2A_36_48,MAPKAPK
SV2A_36_48,STKR
SV2A_36_48,TLK
SV2A_36_48,PKCD
SV2A_36_48,PIM
SV2A_36_48,BARK1
SV2A_36_48,PKCI
SV2A_36_48,PKD
SV2A_36_48,CK1
SV2A_36_48,BARK2
SV2A_36_48,PKCH
SV2A_36_48,BRSK
SV2A_36_48,MTOR
SV2A_36_48,GRK
SV2A_36_48,RSK
SV2A_36_48,SGK
SV2A_36_48,MOS
SV2A_36_48,AKT
SV2A_36_48,PKCA
SV2A_36_48,N
SV2A_36_48,COT
SV2A_36_48,AMPK
SV2A_36_48,RIPK
SV2A_36_48,WNK
TAU_524_536,RSK
TAU_524_536,P38
TAU_524_536,CDK
TAU_524_536,DYRK
TAU_524_536,JNK
TAU_524_536,PKD
TAU_524_536,MAPKAPK
TAU_524_536,PIM
TAU_524_536,WNK
TAU_524_536,ERK
TAU_524_536,NDR
TAU_524_536,PKA
TAU_524_536,NAK
TAU_524_536,COT
TAU_524_536,CAMK2
TAU_524_536,CLK
TAU_524_536,SGK
TAU_524_536,TLK
TAU_524_536,PKN
TAU_524_536,NMO
TAU_524_536,DMPK
TOP2A_1463_1475,STKR
TOP2A_1463_1475,CK2
TOP2A_1463_1475,RSK
TOP2A_1463_1475,PKA
TOP2A_1463_1475,PIM
TOP2A_1463_1475,PASK
TOP2A_1463_1475,MOS
TOP2A_1463_1475,CAMK2
TOP2A_1463_1475,PLK
TOP2A_1463_1475,GRK
TOP2A_1463_1475,SGK
TOP2A_1463_1475,MAPKAPK
TOP2A_1463_1475,COT
TOP2A_1463_1475,NDR
TOP2A_1463_1475,DMPK
TOP2A_1463_1475,N
TOP2A_1463_1475,NEK
TOP2A_1463_1475,TLK
TOP2A_1463_1475,CAMK1
TOP2A_1463_1475,PKD
TOP2A_1463_1475,ATM
TOP2A_1463_1475,AMPK
TOP2A_1463_1475,AKT
TPH2_10_22,CAMK2
TPH2_10_22,N
TPH2_10_22,PLK
TPH2_10_22,CK2
TPH2_10_22,PKCI
TPH2_10_22,GRK
TPH2_10_22,PKA
TPH2_10_22,RSK
TPH2_10_22,STE11
TPH2_10_22,MAPKAPK
TPH2_10_22,MLK
TPH2_10_22,PRKDC
TPH2_10_22,AKT
TPH2_10_22,NDR
TPH2_10_22,IRAK
TPH2_10_22,LKB
TPH2_10_22,CLK
TPH2_10_22,RIPK
TPH2_10_22,SGK
TPH2_10_22,WNK
TPH2_10_22,NEK
TPH2_10_22,CK1
TPH2_10_22,PKD
TPH2_10_22,PDHK
TPH2_10_22,IKK
TRPM7_1466_1478,STKR
TRPM7_1466_1478,TAO
TRPM7_1466_1478,PKD
TRPM7_1466_1478,MOS
TRPM7_1466_1478,CHK1
TRPM7_1466_1478,PIM
TRPM7_1466_1478,NUAK
TRPM7_1466_1478,QIK
TRPM7_1466_1478,MST
TRPM7_1466_1478,PKG
TRPM7_1466_1478,CK1
TRPM7_1466_1478,PLK
TRPM7_1466_1478,GRK
TRPM7_1466_1478,MELK
TRPM7_1466_1478,CAMK1
TRPM7_1466_1478,ATM
TRPM7_1466_1478,AMPK
TRPM7_1466_1478,PKN
TRPM7_1466_1478,MAPKAPK
TRPM7_1466_1478,RIPK
TRPM7_1466_1478,LKB
TRPM7_1466_1478,AKT
TRPM7_1466_1478,PAKB
TRPM7_1466_1478,WNK
TRPM7_1466_1478,STE11
TRPM7_1466_1478,NDR
TRPM7_1466_1478,N
TRPM7_1466_1478,NEK
TRPM7_1466_1478,RAD53
TRPM7_1466_1478,MLK
TRPM7_1466_1478,SLK
TRPM7_1498_1510,STKR
TRPM7_1498_1510,ERK
TRPM7_1498_1510,DYRK
TRPM7_1498_1510,CAMK2
TRPM7_1498_1510,NEK
TRPM7_1498_1510,PLK
TRPM7_1498_1510,TLK
TRPM7_1498_1510,RSK
TRPM7_1498_1510,PKCI
TRPM7_1498_1510,DAPK
TRPM7_1498_1510,GRK
TRPM7_1498_1510,PKCA
TRPM7_1498_1510,CK1
TRPM7_1498_1510,MAPKAPK
TRPM7_1498_1510,CLK
TRPM7_1498_1510,PIM
TRPM7_1498_1510,PKG
TRPM7_1498_1510,N
TRPM7_1498_1510,WNK
TRPM7_1498_1510,PEK
TRPM7_1498_1510,MST
TRPM7_1498_1510,PKD
TRPM7_1498_1510,MOS
TRPM7_1498_1510,FRAY
TRPM7_1498_1510,SGK
TRPM7_1498_1510,CK2
TRPM7_1498_1510,PHK
TY3H_65_77,RSK
TY3H_65_77,AUR
TY3H_65_77,PKA
TY3H_65_77,SGK
TY3H_65_77,PAKB
TY3H_65_77,MAPKAPK
TY3H_65_77,PAKA
TY3H_65_77,MLCK
TY3H_65_77,DMPK
TY3H_65_77,CAMK1
TY3H_65_77,AKT
TY3H_65_77,PKG
TY3H_65_77,CAMK2
TY3H_65_77,DAPK
TY3H_65_77,CLK
TY3H_65_77,GRK
UBP16_546_558,CDK
UBP16_546_558,CHK1
UBP16_546_558,IKK
UBP16_546_558,CK1
UBP16_546_558,STKR
UBP16_546_558,PKN
UBP16_546_558,CAMKK
UBP16_546_558,CAMK1
UBP16_546_558,PEK
VASP_150_162,PAKB
VASP_150_162,PKD
VASP_150_162,MAPKAPK
VASP_150_162,AUR
VASP_150_162,DMPK
VASP_150_162,AKT
VASP_150_162,PKG
VASP_150_162,RSK
VASP_150_162,PKA
VASP_150_162,SGK
VASP_150_162,RAD53
VASP_150_162,DAPK
VASP_150_162,PAKA
VASP_150_162,CAMK1
VASP_150_162,PIM
VASP_150_162,DYRK
VASP_232_244,RSK
VASP_232_244,PKA
VASP_232_244,SGK
VASP_232_244,PIM
VASP_232_244,PKG
VASP_232_244,CAMK1
VASP_232_244,MLCK
VASP_232_244,PASK
VASP_232_244,MAPKAPK
VASP_232_244,GSK
VASP_232_244,PKD
VASP_232_244,AKT
VASP_232_244,PAKA
VASP_271_283,SGK
VASP_271_283,DMPK
VASP_271_283,RSK
VASP_271_283,AKT
VASP_271_283,PKA
VASP_271_283,DAPK
VASP_271_283,PASK
VASP_271_283,MLCK
VASP_271_283,PIM
VASP_271_283,CAMK1
VASP_271_283,PKG
VASP_271_283,CLK
VASP_271_283,MAPKAPK
VASP_271_283,DYRK
VASP_271_283,PAKA
VASP_271_283,PKD
VIME_28_40,ERK
VIME_28_40,MAPKAPK
VIME_28_40,BRSK
VIME_28_40,TLK
VIME_28_40,CAMK2
VIME_28_40,RSK
VIME_28_40,WNK
VIME_28_40,NAK
VIME_28_40,PRKDC
VIME_28_40,CK1
VIME_28_40,MELK
VIME_28_40,COT
VIME_28_40,MLK
VIME_28_40,IKK
VIME_28_40,PLK
VIME_28_40,MTOR
VIME_28_40,IRAK
VIME_28_40,PKD
VIME_28_40,RIPK
VIME_28_40,PAKB
VIME_28_40,ULK
VIME_28_40,VRK2
VIME_28_40,GRK
VIME_28_40,PEK
VIME_28_40,SGK
VIME_28_40,RAD53
VIME_28_40,PHK
VIME_28_40,PDHK
VIME_28_40,AKT
VIME_28_40,PKCA
VIME_28_40,PAKA
VIME_28_40,PIM
VTNC_390_402,PKA
VTNC_390_402,DYRK
VTNC_390_402,ERK
VTNC_390_402,RSK
VTNC_390_402,MLK
VTNC_390_402,SGK
VTNC_390_402,PEK
VTNC_390_402,NEK
VTNC_390_402,PAKB
VTNC_390_402,DMPK
VTNC_390_402,MLCK
VTNC_390_402,AUR
VTNC_390_402,AKT
VTNC_390_402,PKG
VTNC_390_402,CLK
VTNC_390_402,PAKA
VTNC_390_402,DAPK
VTNC_390_402,LKB
VTNC_390_402,TLK
VTNC_390_402,PKD
VTNC_390_402,PKCD
VTNC_390_402,PKCA
VTNC_390_402,PIM
XPO1_1049_1061,MAPKAPK
XPO1_1049_1061,NDR
XPO1_1049_1061,RSK
XPO1_1049_1061,CAMK1
XPO1_1049_1061,PKD
XPO1_1049_1061,AMPK
XPO1_1049_1061,CLK
XPO1_1049_1061,SGK
XPO1_1049_1061,PKA
XPO1_1049_1061,RAD53
XPO1_1049_1061,PHK
XPO1_1049_1061,PKG
XPO1_1049_1061,PASK
XPO1_1049_1061,DMPK
XPO1_1049_1061,CAMK2
XPO1_1049_1061,AKT
XPO1_1049_1061,QIK
XPO1_1049_1061,PIM
YAP1_374_386,CAMK2
YAP1_374_386,PDHK
YAP1_374_386,AMPK
YAP1_374_386,PKD
YAP1_374_386,MOS
YAP1_374_386,CAMK1
YAP1_374_386,PEK
YAP1_374_386,STKR
YAP1_374_386,PRKDC
YAP1_374_386,NDR
YAP1_374_386,ATM
YAP1_374_386,QIK
YAP1_374_386,MAPKAPK
YAP1_374_386,PDK1
YAP1_374_386,RAD53
YAP1_374_386,PIM
YAP1_374_386,DAPK
YAP1_374_386,BRSK
YAP1_374_386,NEK
YAP1_374_386,CHK1
YAP1_374_386,NUAK
YAP1_374_386,RSK
YAP1_374_386,TLK
YAP1_374_386,DMPK
YAP1_374_386,MELK
